No,Kategori Barang,Merek Barang,Kode Barang,Nama Barang,UPC/Barcode,Satuan,Stock,,,,,,,,,,,,,,,,,,,
122,Food,Doritos,FOODORITOS-122,Doritos Snack Jagung Bakar (Roasted Corn) 55Gr,8994462790123,KARTON,,,,,,,,,,,,,,,,,,,,
412,Food,Lays,FOOLAYS-412,Lays Seaweed 64Gr,8994462790024,KARTON,Tidak Ada,,,,,,,,,,,,,,,,,,,
540,Beverage,Pikopi,BEVPIKOPI-540,Pikopi 3In1 Coffeemix Bag,8991002114012,KARTON,Tidak Ada,,,,,,,,,,,,,,,,,,,
121,Food,Doritos,FOODORITOS-121,Doritos Snack Jagung Bakar (Roasted Corn) 120Gr,8994462790147,KARTON,Tidak Ada,,,,,,,,,,,,,,,,,,,
414,Food,Lays,FOOLAYS-414,Lays Wavy Beef Bbq 64Gr,8994462790062,KARTON,Tidak Ada,,,,,,,,,,,,,,,,,,,
679,Food,Wow,FOOWOW-679,Wow Spaghetti Aglio Olio 75G,8996001526378,KARTON,Tidak Ada,,,,,,,,,,,,,,,,,,,
505,Food,Nestle,FOONESTLE-505,Nestle Combo Pack Honey Star 48Pack,8992696428300,KARTON,Tidak Ada,,,,,,,,,,,,,,,,,,,
51,Food,Calbee,FOOCALBEE-051,Calbee Wings Snack Guribee Layers Seaweed 30X68Gr,8998866202978,KARTON,Tidak Ada,,,,,,,,,,,,,,,,,,,
123,Food,Doritos,FOODORITOS-123,Doritos Snack Sambal Salsa (Salsa Chili) 120Gr,8994462790154,KARTON,Tidak Ada,,,,,,,,,,,,,,,,,,,
13,Food,Abc,FOOABC-013,Abc Sambal Extra Pedas 335Ml,711844120075,KARTON,Tidak Ada,,,,,,,,,,,,,,,,,,,
508,Food,Nestle,FOONESTLE-508,Nestle Combo Pack Milo Ball 32Gr,8992696428297,KARTON,Tidak Ada,,,,,,,,,,,,,,,,,,,
513,Food,Oatside,FOOOATSIDE-513,Oatside Chocolate 1000Ml,8997240600027,KARTON,Tidak Ada,,,,,,,,,,,,,,,,,,,
521,Food,Oreo,FOOOREO-521,Oreo Sandwich Blueberyy 110.4Gr,7622300442507,KARTON,Tidak Ada,,,,,,,,,,,,,,,,,,,
522,Food,Oreo,FOOOREO-522,Oreo Sandwich Choco 110.4Gr,8992760223015,KARTON,Tidak Ada,,,,,,,,,,,,,,,,,,,
1,Beverage,A&W,BEVAW-001,A&W Soft Drink (24 Cans X 250 Ml),8992761111687,KARTON,Tidak Ada,,,,,,,,,,,,,,,,,,,
2,Food,Abc,FOOABC-002,Abc Extra Pedas Botol 335Ml,,KARTON,Tidak Ada,,,,,,,,,,,,,,,,,,,
3,Food,Abc,FOOABC-003,Abc Kecap 130Ml,711844110113,KARTON,Tidak Ada,,,,,,,,,,,,,,,,,,,
4,Food,Abc,FOOABC-004,Abc Kecap 275Ml,711844110083,KARTON,Tidak Ada,,,,,,,,,,,,,,,,,,,
5,Food,Abc,FOOABC-005,Abc Kecap 62Gr,711844110182,KARTON,Tidak Ada,,,,,,,,,,,,,,,,,,,
6,Food,Abc,FOOABC-006,Abc Kecap Manis Jerigen 5Liter,711844110519,KARTON,Tidak Ada,,,,,,,,,,,,,,,,,,,
7,Food,Abc,FOOABC-007,Abc Kecap Pet 600Ml,711844110021,KARTON,Tidak Ada,,,,,,,,,,,,,,,,,,,
8,Food,Abc,FOOABC-008,Abc Sambal 65Gr,711844120549,KARTON,Tidak Ada,,,,,,,,,,,,,,,,,,,
9,Food,Abc,FOOABC-009,Abc Sambal Asli 335Ml,711844120013,KARTON,Tidak Ada,,,,,,,,,,,,,,,,,,,
10,Food,Abc,FOOABC-010,Abc Sambal Asli 380Gr,711844120525,KARTON,Tidak Ada,,,,,,,,,,,,,,,,,,,
11,Food,Abc,FOOABC-011,Abc Sambal Botol 130Ml,,KARTON,Tidak Ada,,,,,,,,,,,,,,,,,,,
12,Food,Abc,FOOABC-012,Abc Sambal Botol 270Ml,711844120419,KARTON,Tidak Ada,,,,,,,,,,,,,,,,,,,
14,Food,Abc,FOOABC-014,Abc Sambal Extra Pedas 65Gr,711844120556,KARTON,Tidak Ada,,,,,,,,,,,,,,,,,,,
15,Food,Abc,FOOABC-015,Abc Sambal Extra Pedas Botol 270Ml,,KARTON,Tidak Ada,,,,,,,,,,,,,,,,,,,
16,Food,Abc,FOOABC-016,Abc Sambal Sc Extra Pedas,711844120365,KARTON,Tidak Ada,,,,,,,,,,,,,,,,,,,
17,Food,Abc,FOOABC-017,Abc Sambal Sc Pk,711844120327,KARTON,Tidak Ada,,,,,,,,,,,,,,,,,,,
18,Food,Abc,FOOABC-018,Abc Sambal St Extra Pedas,711844120341,KARTON,Tidak Ada,,,,,,,,,,,,,,,,,,,
19,Food,Abc,FOOABC-019,Abc Sambal St Pk,711844120310,KARTON,Tidak Ada,,,,,,,,,,,,,,,,,,,
20,Food,Abc,FOOABC-020,Abc Sambal Terasi Sc,711844120402,KARTON,Tidak Ada,,,,,,,,,,,,,,,,,,,
21,Food,Abc,FOOABC-021,Abc Sambal Tomat 275Ml,711844130128,KARTON,Tidak Ada,,,,,,,,,,,,,,,,,,,
22,Food,Abc,FOOABC-022,Abc Saus Tomat 335Gr,711844130012,KARTON,Tidak Ada,,,,,,,,,,,,,,,,,,,
23,Food,Abc,FOOABC-023,Abc Terasi 3.8Gr,711844340008,KARTON,Tidak Ada,,,,,,,,,,,,,,,,,,,
24,Home Care,Attack,HOMATTACK-024,Attack Detergent Powder Hygiene + Protection 12X750Gr,8992727000314,KARTON,Tidak Ada,,,,,,,,,,,,,,,,,,,
25,Home Care,Attack,HOMATTACK-025,Attack Hygiene Plus Protection Liquid 1200 Ml X6,8992727007597,KARTON,Tidak Ada,,,,,,,,,,,,,,,,,,,
26,Home Care,Attack,HOMATTACK-026,Attack Jaz1 Detergel Pesona Segar 750Grx12,8992727008006,KARTON,Tidak Ada,,,,,,,,,,,,,,,,,,,
27,Home Care,Attack,HOMATTACK-027,Attack Jaz1 Detergel Semerbak Cinta 750Grx12,8992727007986,KARTON,Tidak Ada,,,,,,,,,,,,,,,,,,,
28,Home Care,Attack,HOMATTACK-028,Attack Jaz1 Semerbak Cinta 1700Grx6,8992727005975,KARTON,Tidak Ada,,,,,,,,,,,,,,,,,,,
29,Home Care,Attack,HOMATTACK-029,Attack Plus Softener Liquid 1200 Ml X6,8992727007603,KARTON,Tidak Ada,,,,,,,,,,,,,,,,,,,
30,Home Care,Attack,HOMATTACK-030,Attack Softener 1200Grx8,8992727005487,KARTON,Tidak Ada,,,,,,,,,,,,,,,,,,,
31,Home Care,Attack,HOMATTACK-031,Attack Softener 12X750Gr,8992727002479,KARTON,Tidak Ada,,,,,,,,,,,,,,,,,,,
32,Home Care,Baygon,HOMBAYGON-032,Baygon Coil Standart Green 8Hrs,8998899001500,KARTON,Tidak Ada,,,,,,,,,,,,,,,,,,,
33,Home Care,Baygon,HOMBAYGON-033,Baygon Flower 675Ml,,KARTON,Tidak Ada,,,,,,,,,,,,,,,,,,,
34,Beverage,Bear,BEVBEAR-034,Bear Brand 189Ml,8992696404441,KARTON,Tidak Ada,,,,,,,,,,,,,,,,,,,
35,Food,Bejo,FOOBEJO-035,Bejo 12X30Pack,,KARTON,Tidak Ada,,,,,,,,,,,,,,,,,,,
36,Food,Big,FOOBIG-036,Big Cola 6X3000Ml,8997025060022,KARTON,Tidak Ada,,,,,,,,,,,,,,,,,,,
37,Food,Big,FOOBIG-037,Big Lemon Flavor 6X3000Ml,8997025060114,KARTON,Tidak Ada,,,,,,,,,,,,,,,,,,,
38,Food,Big,FOOBIG-038,Big Strawberry Flavor 6X3000Ml,8997025060053,KARTON,Tidak Ada,,,,,,,,,,,,,,,,,,,
39,Personal Care,Biore,PERBIORE-039,Biore Facial Foam Acne Bactrior 100Gr,,KARTON,Tidak Ada,,,,,,,,,,,,,,,,,,,
40,Personal Care,Biore,PERBIORE-040,Biore Facial Foam Acne Bright Care 100Gr,,KARTON,Tidak Ada,,,,,,,,,,,,,,,,,,,
41,Personal Care,Biore,PERBIORE-041,Biore Facial Foam Bright Energy 100Gr,,KARTON,Tidak Ada,,,,,,,,,,,,,,,,,,,
42,Personal Care,Biore,PERBIORE-042,Biore Facial Foam Bright Expert 100Gr,,KARTON,Tidak Ada,,,,,,,,,,,,,,,,,,,
43,Personal Care,Biore,PERBIORE-043,Biore Facial Foam Bright Oil 100Gr,,KARTON,Tidak Ada,,,,,,,,,,,,,,,,,,,
44,Personal Care,Biore,PERBIORE-044,Biore Facial Foam Cool Oil 100Gr,,KARTON,Tidak Ada,,,,,,,,,,,,,,,,,,,
45,Personal Care,Biore,PERBIORE-045,Biore Facial Foam Deep Pore 100Gr,,KARTON,Tidak Ada,,,,,,,,,,,,,,,,,,,
46,Personal Care,Biore,PERBIORE-046,Biore Facial Foam Oil Balance 100Gr,,KARTON,Tidak Ada,,,,,,,,,,,,,,,,,,,
47,Food,Blue,FOOBLUE-047,Blue Band Serbaguna 200G,,KARTON,Tidak Ada,,,,,,,,,,,,,,,,,,,
48,Food,Bye,FOOBYE-048,Bye Bye Fever Baby,68057869,KARTON,Tidak Ada,,,,,,,,,,,,,,,,,,,
49,Food,Bye,FOOBYE-049,Bye Bye Fever Kids,68057878,KARTON,Tidak Ada,,,,,,,,,,,,,,,,,,,
50,Food,Calbee,FOOCALBEE-050,Calbee Wings Snack Guribee Layers Cheese 30X65Gr,8998866203838,KARTON,Tidak Ada,,,,,,,,,,,,,,,,,,,
52,Food,Casablanca,FOOCASABLANCA-052,Casablanca Body Mist Abu Abu 100Ml,8992832602168,KARTON,Tidak Ada,,,,,,,,,,,,,,,,,,,
53,Food,Casablanca,FOOCASABLANCA-053,Casablanca Body Mist Biru 100Ml,8992832601161,KARTON,Tidak Ada,,,,,,,,,,,,,,,,,,,
54,Food,Casablanca,FOOCASABLANCA-054,Casablanca Body Mist Biru Tua 100Ml,8992832602137,KARTON,Tidak Ada,,,,,,,,,,,,,,,,,,,
55,Food,Casablanca,FOOCASABLANCA-055,Casablanca Body Mist Hijau Tua 100Ml,8992832602731,KARTON,Tidak Ada,,,,,,,,,,,,,,,,,,,
56,Food,Casablanca,FOOCASABLANCA-056,Casablanca Body Mist Kuning 100Ml,8992832601208,KARTON,Tidak Ada,,,,,,,,,,,,,,,,,,,
57,Food,Casablanca,FOOCASABLANCA-057,Casablanca Body Mist Merah 100Ml,8992832602144,KARTON,Tidak Ada,,,,,,,,,,,,,,,,,,,
58,Food,Casablanca,FOOCASABLANCA-058,Casablanca Body Mist Orange 100Ml,8992832601215,KARTON,Tidak Ada,,,,,,,,,,,,,,,,,,,
59,Food,Casablanca,FOOCASABLANCA-059,Casablanca Body Mist Pink 100Ml,8992832601185,KARTON,Tidak Ada,,,,,,,,,,,,,,,,,,,
60,Food,Casablanca,FOOCASABLANCA-060,Casablanca Body Mist Ungu 100Ml,8992832601192,KARTON,Tidak Ada,,,,,,,,,,,,,,,,,,,
61,Food,Casablanca,FOOCASABLANCA-061,Casablanca Halal Mist Night 100Ml,8992832606340,KARTON,Tidak Ada,,,,,,,,,,,,,,,,,,,
62,Food,Chitato,FOOCHITATO-062,Chitato Beef Bbq 35Gr,89686598025,KARTON,Tidak Ada,,,,,,,,,,,,,,,,,,,
63,Food,Chitato,FOOCHITATO-063,Chitato Indomie Goreng 65Gr,89686599008,KARTON,Tidak Ada,,,,,,,,,,,,,,,,,,,
64,Food,Chitato,FOOCHITATO-064,Chitato Lite Chicken Onion 68Gr,89686732108,KARTON,Tidak Ada,,,,,,,,,,,,,,,,,,,
65,Food,Chitato,FOOCHITATO-065,Chitato Lite Snack Potato Nori 68Gr,89686732030,KARTON,Tidak Ada,,,,,,,,,,,,,,,,,,,
66,Food,Chitato,FOOCHITATO-066,Chitato Snack Beef Barbeque 65Gr,89686598056,KARTON,Tidak Ada,,,,,,,,,,,,,,,,,,,
67,Food,Chitato,FOOCHITATO-067,Chitato Snack Cheese Supreme 65Gr,89686598957,KARTON,Tidak Ada,,,,,,,,,,,,,,,,,,,
68,Food,Chitato,FOOCHITATO-068,Chitato Snack Original 65Gr,89686598353,KARTON,Tidak Ada,,,,,,,,,,,,,,,,,,,
69,Food,Chitato,FOOCHITATO-069,Chitato Snack Potato Chips Bbq 65Gr,8968698056,KARTON,Tidak Ada,,,,,,,,,,,,,,,,,,,
70,Food,Chitato,FOOCHITATO-070,Chitato Snack Spicy Chicken 65Gr,89686598476,KARTON,Tidak Ada,,,,,,,,,,,,,,,,,,,
71,Food,Chitato,FOOCHITATO-071,Chitato Snack Spicy Grilled Beef 65Gr,89686598599,KARTON,Tidak Ada,,,,,,,,,,,,,,,,,,,
72,Beverage,Chocolatos,BEVCHOCOLATOS-072,Chocolatos Chocolate Drink 27Gra,,KARTON,Tidak Ada,,,,,,,,,,,,,,,,,,,
73,Beverage,Chocolatos,BEVCHOCOLATOS-073,Chocolatos Drink Creamy Chocolate 24Gr,,KARTON,Tidak Ada,,,,,,,,,,,,,,,,,,,
74,Beverage,Chocolatos,BEVCHOCOLATOS-074,Chocolatos Matcha Drink 24Gr,,KARTON,Tidak Ada,,,,,,,,,,,,,,,,,,,
75,Food,Cincau,FOOCINCAU-075,Cincau Cap Panda 310Ml,8995227500582,KARTON,Tidak Ada,,,,,,,,,,,,,,,,,,,
76,Food,Citra,FOOCITRA-076,Citra Hbl Bengkoang Perfect Uv 380Ml,8999999605902,KARTON,Tidak Ada,,,,,,,,,,,,,,,,,,,
77,Food,Citra,FOOCITRA-077,Citra Hbl Nourish Moist Uv 210Ml,8999999036720,KARTON,Tidak Ada,,,,,,,,,,,,,,,,,,,
78,Food,Citra,FOOCITRA-078,Citra Hbl Pearly Radiant Uv 210Ml,8999999036713,KARTON,Tidak Ada,,,,,,,,,,,,,,,,,,,
79,Food,Citra,FOOCITRA-079,Citra Hbl Pearly Radiant Uv 380Ml,8999999036744,KARTON,Tidak Ada,,,,,,,,,,,,,,,,,,,
80,Personal Care,Close,PERCLOSE-080,Close Up Toothpaste Menthol (Green) 160Gr,8999999707859,KARTON,Tidak Ada,,,,,,,,,,,,,,,,,,,
81,Beverage,Coca,BEVCOCA-081,Coca Cola Soft Drink (12 Bottles X 250 Ml),8992761145019,KARTON,Tidak Ada,,,,,,,,,,,,,,,,,,,
82,Beverage,Coca,BEVCOCA-082,Coca Cola Soft Drink (24 Cans X 250 Ml),8992761111519,KARTON,Tidak Ada,,,,,,,,,,,,,,,,,,,
83,Beverage,Coca,BEVCOCA-083,Coca Cola Zero Soft Drink (24 Cans X 250 Ml),8992761111588,KARTON,Tidak Ada,,,,,,,,,,,,,,,,,,,
84,Personal Care,Colgate,PERCOLGATE-084,Colgate Toothpaste Fresh Cool Mint 180Gr,6920354815546,KARTON,Tidak Ada,,,,,,,,,,,,,,,,,,,
85,Personal Care,Colgate,PERCOLGATE-085,Colgate Toothpaste Great Regular 180Gr,6920354815522,KARTON,Tidak Ada,,,,,,,,,,,,,,,,,,,
86,Home Care,Daia,HOMDAIA-086,Daia Powder Detergent Floral Blossom 245Grx24,,KARTON,Tidak Ada,,,,,,,,,,,,,,,,,,,
87,Home Care,Daia,HOMDAIA-087,Daia Powder Detergent Floral Blossom 800Grx12,8998866601436,KARTON,Tidak Ada,,,,,,,,,,,,,,,,,,,
88,Home Care,Daia,HOMDAIA-088,Daia Powder Detergent Lemon/Fruity 245Grx24,8998866604963,KARTON,Tidak Ada,,,,,,,,,,,,,,,,,,,
89,Home Care,Daia,HOMDAIA-089,Daia Powder Detergent Lemon/Fruity Bag 800Grx12,8998866604932,KARTON,Tidak Ada,,,,,,,,,,,,,,,,,,,
90,Home Care,Daia,HOMDAIA-090,Daia Powder Detergent Powder Flower 12 X 470Gr,8998866609036,KARTON,Tidak Ada,,,,,,,,,,,,,,,,,,,
91,Home Care,Daia,HOMDAIA-091,Daia Powder Detergent Powder Fresh Lemon 12 X 470Gr,8998866609050,KARTON,Tidak Ada,,,,,,,,,,,,,,,,,,,
92,Home Care,Daia,HOMDAIA-092,Daia Powder Detergent Powder Softener Romantic 12 X 470Gr,8998866609043,KARTON,Tidak Ada,,,,,,,,,,,,,,,,,,,
93,Home Care,Daia,HOMDAIA-093,Daia Powder Detergent Powder Violet 12 X 470Gr,8998866610278,KARTON,Tidak Ada,,,,,,,,,,,,,,,,,,,
94,Home Care,Daia,HOMDAIA-094,Daia Powder Detergent Powder White 12 X 470Gr,8998866609029,KARTON,Tidak Ada,,,,,,,,,,,,,,,,,,,
95,Home Care,Daia,HOMDAIA-095,Daia Powder Detergent Romantic Pink 245Grx24,,KARTON,Tidak Ada,,,,,,,,,,,,,,,,,,,
96,Home Care,Daia,HOMDAIA-096,Daia Powder Detergent Romantic Pink Bag 800Grx12,8998866608725,KARTON,Tidak Ada,,,,,,,,,,,,,,,,,,,
97,Home Care,Daia,HOMDAIA-097,Daia Powder Detergent Violet Bag 245Grx24,8998866610261,KARTON,Tidak Ada,,,,,,,,,,,,,,,,,,,
98,Home Care,Daia,HOMDAIA-098,Daia Powder Detergent Violet Passion Bag 800Grx12,8998866610223,KARTON,Tidak Ada,,,,,,,,,,,,,,,,,,,
99,Home Care,Daia,HOMDAIA-099,Daia Powder Detergent White 245Grx24,,KARTON,Tidak Ada,,,,,,,,,,,,,,,,,,,
100,Home Care,Daia,HOMDAIA-100,Daia Powder Detergent White 800Grx12,8998866607353,KARTON,Tidak Ada,,,,,,,,,,,,,,,,,,,
101,Personal Care,Darlie,PERDARLIE-101,Darlie Kids Cola 40Gr,4891338014052,KARTON,Tidak Ada,,,,,,,,,,,,,,,,,,,
102,Personal Care,Darlie,PERDARLIE-102,Darlie Pg Double Action 225Gr,4891338007962,KARTON,Tidak Ada,,,,,,,,,,,,,,,,,,,
103,Personal Care,Darlie,PERDARLIE-103,Darlie Pg Double Action Mint 120Gr,,KARTON,Tidak Ada,,,,,,,,,,,,,,,,,,,
104,Personal Care,Darlie,PERDARLIE-104,Darlie Pg Double Action Mint 75Gr,,KARTON,Tidak Ada,,,,,,,,,,,,,,,,,,,
105,Personal Care,Darlie,PERDARLIE-105,Darlie Toothpaste Double Action Fresh & Clean 2S 450Gr (2S X 225Gr),8888047853351,KARTON,Tidak Ada,,,,,,,,,,,,,,,,,,,
106,Food,Dettol,FOODETTOL-106,Dettol Body Wash Cool 12X500Gr,9556111609010,KARTON,Tidak Ada,,,,,,,,,,,,,,,,,,,
107,Food,Dettol,FOODETTOL-107,Dettol Body Wash Fresh 12X500Gr,9556111621029,KARTON,Tidak Ada,,,,,,,,,,,,,,,,,,,
108,Food,Dettol,FOODETTOL-108,Dettol Body Wash Original ,8888071610036,KARTON,Tidak Ada,,,,,,,,,,,,,,,,,,,
109,Personal Care,Dettol,PERDETTOL-109,Dettol Soap Cool (Kemasan Ekonomis) 60Grx3Sx48,8993560024543,KARTON,Tidak Ada,,,,,,,,,,,,,,,,,,,
110,Personal Care,Dettol,PERDETTOL-110,Dettol Soap Cool 60Gr,8993560025502,KARTON,Tidak Ada,,,,,,,,,,,,,,,,,,,
111,Personal Care,Dettol,PERDETTOL-111,Dettol Soap Fresh (Kemasan Ekonomis) 60Grx3Sx48,8993560024536,KARTON,Tidak Ada,,,,,,,,,,,,,,,,,,,
112,Personal Care,Dettol,PERDETTOL-112,Dettol Soap Fresh 60Gr,8993560155780,KARTON,Tidak Ada,,,,,,,,,,,,,,,,,,,
113,Personal Care,Dettol,PERDETTOL-113,Dettol Soap Lasting Fresh (Kemasan Ekonomis) 60Grx3Sx48,8993560004231,KARTON,Tidak Ada,,,,,,,,,,,,,,,,,,,
114,Personal Care,Dettol,PERDETTOL-114,Dettol Soap Lasting Fresh 60Gr,8993560155810,KARTON,Tidak Ada,,,,,,,,,,,,,,,,,,,
115,Personal Care,Dettol,PERDETTOL-115,Dettol Soap Original (Kemasan Ekonomis) 60Grx3Sx48,8993560004217,KARTON,Tidak Ada,,,,,,,,,,,,,,,,,,,
116,Personal Care,Dettol,PERDETTOL-116,Dettol Soap Original 60Gr,8993560025496,KARTON,Tidak Ada,,,,,,,,,,,,,,,,,,,
117,Personal Care,Dettol,PERDETTOL-117,Dettol Soap Re - Energize 60Gr,8993560156626,KARTON,Tidak Ada,,,,,,,,,,,,,,,,,,,
118,Personal Care,Dettol,PERDETTOL-118,Dettol Soap Re Energize Kemasan Ekonomis) 60Grx3Sx48,8993560004255,KARTON,Tidak Ada,,,,,,,,,,,,,,,,,,,
119,Personal Care,Dettol,PERDETTOL-119,Dettol Soap Skincare (Kemasan Ekonomis) 60Grx3Sx48,8993560004248,KARTON,Tidak Ada,,,,,,,,,,,,,,,,,,,
120,Personal Care,Dettol,PERDETTOL-120,Dettol Soap Skincare 60Gr,8993560156619,KARTON,Tidak Ada,,,,,,,,,,,,,,,,,,,
124,Food,Doritos,FOODORITOS-124,Doritos Snack Sambal Salsa (Salsa Chili) 55Gr,8994462790130,KARTON,Tidak Ada,,,,,,,,,,,,,,,,,,,
125,Personal Care,Dove,PERDOVE-125,Dove Bar Soap - Pink 48 X 90Gr,8710447289327,KARTON,Tidak Ada,,,,,,,,,,,,,,,,,,,
126,Personal Care,Dove,PERDOVE-126,Dove Bar Soap Pampering Beauty Crm 48 X 90Gr,8711600804357,KARTON,Tidak Ada,,,,,,,,,,,,,,,,,,,
127,Home Care,Downy,HOMDOWNY-127,Downy 1000 Adorable Bouquet ( Pink Muda),4987176336781,KARTON,Tidak Ada,,,,,,,,,,,,,,,,,,,
128,Home Care,Downy,HOMDOWNY-128,Downy 1000 Flora Pink (Pink),4902430894609,KARTON,Tidak Ada,,,,,,,,,,,,,,,,,,,
129,Home Care,Downy,HOMDOWNY-129,Downy 1000 Fresh Bouquet (Biru Muda),4987176336774,KARTON,Tidak Ada,,,,,,,,,,,,,,,,,,,
130,Beverage,Downy,BEVDOWNY-130,Downy 1000 Milky Touch Baby ( Putih),4987176337627,KARTON,Tidak Ada,,,,,,,,,,,,,,,,,,,
131,Home Care,Downy,HOMDOWNY-131,Downy 1000 Mystique (Hitam Ungu),4902430504454,KARTON,Tidak Ada,,,,,,,,,,,,,,,,,,,
132,Home Care,Downy,HOMDOWNY-132,Downy 1000 Passion (Hitam Merah),4902430542753,KARTON,Tidak Ada,,,,,,,,,,,,,,,,,,,
133,Home Care,Downy,HOMDOWNY-133,Downy 1000 Sunrise Fresh (Biru),4902430557122,KARTON,Tidak Ada,,,,,,,,,,,,,,,,,,,
134,Home Care,Downy,HOMDOWNY-134,Downy 500 Flora Pink (Pink),4902430803380,KARTON,Tidak Ada,,,,,,,,,,,,,,,,,,,
135,Home Care,Downy,HOMDOWNY-135,Downy 500 Moana Mystique (Hitam Ungu),4987176111494,KARTON,Tidak Ada,,,,,,,,,,,,,,,,,,,
136,Home Care,Downy,HOMDOWNY-136,Downy 500 Moana Passion (Hitam Merah),4987176111487,KARTON,Tidak Ada,,,,,,,,,,,,,,,,,,,
137,Home Care,Downy,HOMDOWNY-137,Downy 500 Sunrise Fresh (Biru),4902430745703,KARTON,Tidak Ada,,,,,,,,,,,,,,,,,,,
138,Food,Dua,FOODUA-138,Dua Kelinci Tos Tos Korean Barbeque 140Gr,8995077606496,KARTON,Tidak Ada,,,,,,,,,,,,,,,,,,,
139,Food,Dua,FOODUA-139,Dua Kelinci Tos Tos Nacho Cheese 140Gr,8995077606489,KARTON,Tidak Ada,,,,,,,,,,,,,,,,,,,
140,Food,Dua,FOODUA-140,Dua Kelinci Tos Tos Roasted Corn 140Gr,8995077606472,KARTON,Tidak Ada,,,,,,,,,,,,,,,,,,,
141,Food,Ellips,FOOELLIPS-141,Ellips Hair Vitamin Hair Nutri Color Blister (Ungu),8993417200038,KARTON,Tidak Ada,,,,,,,,,,,,,,,,,,,
142,Food,Ellips,FOOELLIPS-142,Ellips Hair Vitamin Hair Nutri Color Jar (Ungu),8993417200057,KARTON,Tidak Ada,,,,,,,,,,,,,,,,,,,
143,Food,Ellips,FOOELLIPS-143,Ellips Hair Vitamin Hair Shiny Black Blister (Hitam),8993417200045,KARTON,Tidak Ada,,,,,,,,,,,,,,,,,,,
144,Food,Ellips,FOOELLIPS-144,Ellips Hair Vitamin Hair Shiny Black Jar (Hitam),8993417200427,KARTON,Tidak Ada,,,,,,,,,,,,,,,,,,,
145,Food,Ellips,FOOELLIPS-145,Ellips Hair Vitamin Hair Treatment Blister (Pink),8993417200021,KARTON,Tidak Ada,,,,,,,,,,,,,,,,,,,
146,Food,Ellips,FOOELLIPS-146,Ellips Hair Vitamin Hair Treatment Jar (Pink),,KARTON,Tidak Ada,,,,,,,,,,,,,,,,,,,
147,Food,Ellips,FOOELLIPS-147,Ellips Hair Vitamin Hair Vitality,8993417200052,KARTON,Tidak Ada,,,,,,,,,,,,,,,,,,,
148,Food,Ellips,FOOELLIPS-148,Ellips Hair Vitamin Keratin Hair Treatment (Pink),8993417200069,KARTON,Tidak Ada,,,,,,,,,,,,,,,,,,,
149,Food,Ellips,FOOELLIPS-149,Ellips Hair Vitamin Keratin Smooth & Silky (Yellow),8993417200076,KARTON,Tidak Ada,,,,,,,,,,,,,,,,,,,
150,Food,Ellips,FOOELLIPS-150,Ellips Hair Vitamin Smooth &  Shiny Blister (Yellow),8993417200014,KARTON,Tidak Ada,,,,,,,,,,,,,,,,,,,
151,Food,Ellips,FOOELLIPS-151,Ellips Hair Vitamin Smooth & Shiny Jar (Yellow),,KARTON,Tidak Ada,,,,,,,,,,,,,,,,,,,
152,Food,Ellips,FOOELLIPS-152,Ellips Hm Mrc Hr Treatmnt Sch 72X20Ml,,KARTON,Tidak Ada,,,,,,,,,,,,,,,,,,,
153,Food,Ellips,FOOELLIPS-153,Ellips Hm Mrc Nutricolor Sch 72X20Ml,,KARTON,Tidak Ada,,,,,,,,,,,,,,,,,,,
154,Food,Ellips,FOOELLIPS-154,Ellips Hm Mrc Smth Shiny Sch 72X20Ml,,KARTON,Tidak Ada,,,,,,,,,,,,,,,,,,,
155,Food,Ellips,FOOELLIPS-155,Ellips Hm Mrc Volume Mrcle Sch 72X20Ml,,KARTON,Tidak Ada,,,,,,,,,,,,,,,,,,,
156,Food,Ellips,FOOELLIPS-156,Ellips Hmst Frsh & Smth Btl 18X100Ml,,KARTON,Tidak Ada,,,,,,,,,,,,,,,,,,,
157,Food,Ellips,FOOELLIPS-157,Ellips Hmst Sweet & Slky Btl 18X100Ml,,KARTON,Tidak Ada,,,,,,,,,,,,,,,,,,,
158,Food,Ellips,FOOELLIPS-158,Ellips Hv Mrc Hair Vitality Jar 12X50Ml,,KARTON,Tidak Ada,,,,,,,,,,,,,,,,,,,
159,Food,Ellips,FOOELLIPS-159,Ellips Hv Mrc Hr Treatmant Jar 12X50Ml,,KARTON,Tidak Ada,,,,,,,,,,,,,,,,,,,
160,Food,Ellips,FOOELLIPS-160,Ellips Hv Mrc Hr Treatmnt Blr 72X6Ml,,KARTON,Tidak Ada,,,,,,,,,,,,,,,,,,,
161,Food,Ellips,FOOELLIPS-161,Ellips Hv Mrc Hr Vitality Blr 72X6Ml,,KARTON,Tidak Ada,,,,,,,,,,,,,,,,,,,
162,Food,Ellips,FOOELLIPS-162,Ellips Hv Mrc Nutricolor Blr 72X6Ml,,KARTON,Tidak Ada,,,,,,,,,,,,,,,,,,,
163,Food,Ellips,FOOELLIPS-163,Ellips Hv Mrc Nutricolor Jar 12X50Ml,,KARTON,Tidak Ada,,,,,,,,,,,,,,,,,,,
164,Food,Ellips,FOOELLIPS-164,Ellips Hv Mrc Shiny Black Blr 72X6Ml,,KARTON,Tidak Ada,,,,,,,,,,,,,,,,,,,
165,Food,Ellips,FOOELLIPS-165,Ellips Hv Mrc Shiny Black Jar 12X50Ml,,KARTON,Tidak Ada,,,,,,,,,,,,,,,,,,,
166,Food,Ellips,FOOELLIPS-166,Ellips Hv Mrc Smooth Shiny Jar 12X50Ml,,KARTON,Tidak Ada,,,,,,,,,,,,,,,,,,,
167,Food,Ellips,FOOELLIPS-167,Ellips Hv Mrc Smth Shiny Blr 72X6Ml,,KARTON,Tidak Ada,,,,,,,,,,,,,,,,,,,
168,Food,Emeron,FOOEMERON-168,Emeron Shampo Black Shine 12X170Ml,8998866100564,KARTON,Tidak Ada,,,,,,,,,,,,,,,,,,,
169,Food,Emeron,FOOEMERON-169,Emeron Shampo Dandruff Control 170Ml,8998866103121,KARTON,Tidak Ada,,,,,,,,,,,,,,,,,,,
170,Food,Emeron,FOOEMERON-170,Emeron Shampo Dandruff Control 340Ml,8998866106252,KARTON,Tidak Ada,,,,,,,,,,,,,,,,,,,
171,Food,Emeron,FOOEMERON-171,Emeron Shampo Hair Fall Control 170Ml,8998866100601,KARTON,Tidak Ada,,,,,,,,,,,,,,,,,,,
172,Food,Emeron,FOOEMERON-172,Emeron Shampo Hair Fall Control 340Ml,8998866106221,KARTON,Tidak Ada,,,,,,,,,,,,,,,,,,,
173,Food,Emeron,FOOEMERON-173,Emeron Shampo Hijab Anti Dandruff 340Ml,8998866108348,KARTON,Tidak Ada,,,,,,,,,,,,,,,,,,,
174,Food,Emeron,FOOEMERON-174,Emeron Shampo Hijab Clean& Fresh 340Ml,8998866108355,KARTON,Tidak Ada,,,,,,,,,,,,,,,,,,,
175,Food,Emeron,FOOEMERON-175,Emeron Shampo Hijab Nutritive 170Ml,8998866107990,KARTON,Tidak Ada,,,,,,,,,,,,,,,,,,,
176,Food,Emeron,FOOEMERON-176,Emeron Shampo Soft & Smooth 170Ml,8998866100649,KARTON,Tidak Ada,,,,,,,,,,,,,,,,,,,
177,Food,Emeron,FOOEMERON-177,Emeron Shampo Soft & Smooth 340Ml,8998866106245,KARTON,Tidak Ada,,,,,,,,,,,,,,,,,,,
178,Personal Care,Emeron,PEREMERON-178,Emeron Shampoo Black Shine 340Ml,8998866106214,KARTON,Tidak Ada,,,,,,,,,,,,,,,,,,,
179,Personal Care,Emeron,PEREMERON-179,Emeron Shampoo Hijab Anti Hair Fall 340Ml,8998866109284,KARTON,Tidak Ada,,,,,,,,,,,,,,,,,,,
180,Personal Care,Emeron,PEREMERON-180,Emeron Shampoo Hijab Antidandruff 170Ml,8998866108300,KARTON,Tidak Ada,,,,,,,,,,,,,,,,,,,
181,Food,Esk,FOOESK-181,Esk Cg Amusing Vanilla 100Ml Btl,,KARTON,Tidak Ada,,,,,,,,,,,,,,,,,,,
182,Food,Esk,FOOESK-182,Esk Cg Glamorous Red 100Ml Btl,,KARTON,Tidak Ada,,,,,,,,,,,,,,,,,,,
183,Food,Esk,FOOESK-183,Esk Kids Shm Cinder Btl 36X200Ml,,KARTON,Tidak Ada,,,,,,,,,,,,,,,,,,,
184,Food,Esk,FOOESK-184,Esk Kids Shm Minnie Btl 36X200Ml,,KARTON,Tidak Ada,,,,,,,,,,,,,,,,,,,
185,Food,Eskulin,FOOESKULIN-185,Eskulin Hjb B.Mist Pink Blossom Btl 36X125Ml,,KARTON,Tidak Ada,,,,,,,,,,,,,,,,,,,
186,Beverage,Fanta,BEVFANTA-186,Fanta Strawberry Soft Drink (12 Bottles X 250 Ml),8992761145033,KARTON,Tidak Ada,,,,,,,,,,,,,,,,,,,
187,Beverage,Fanta,BEVFANTA-187,Fanta Strawberry Soft Drink (24 Cans X 250 Ml),8992761111540,KARTON,Tidak Ada,,,,,,,,,,,,,,,,,,,
188,Food,Far,FOOFAR-188,Far N Lovely,,KARTON,Tidak Ada,,,,,,,,,,,,,,,,,,,
189,Food,Filma,FOOFILMA-189,Filma Margarin 200Gr,,KARTON,Tidak Ada,,,,,,,,,,,,,,,,,,,
190,Food,Finna,FOOFINNA-190,Finna Uleg Sauce Green Chili 190Gr,15468322,KARTON,Tidak Ada,,,,,,,,,,,,,,,,,,,
191,Food,Finna,FOOFINNA-191,Finna Uleg Sauce Kemiri (Candlenut) Flavour 180Gr,8991818800901,KARTON,Tidak Ada,,,,,,,,,,,,,,,,,,,
192,Food,Finna,FOOFINNA-192,Finna Uleg Sauce Rawit 190Gr,72546900,KARTON,Tidak Ada,,,,,,,,,,,,,,,,,,,
193,Food,Forvita,FOOFORVITA-193,Forvita Margarine 200Gr,8992946520587,KARTON,Tidak Ada,,,,,,,,,,,,,,,,,,,
194,Food,Freshcare,FOOFRESHCARE-194,Freshcare Minyak Angin Aromatherapy Hot,8997021870151,KARTON,Tidak Ada,,,,,,,,,,,,,,,,,,,
195,Food,Freshcare,FOOFRESHCARE-195,Freshcare Minyak Angin Teraphy 10Ml,,KARTON,Tidak Ada,,,,,,,,,,,,,,,,,,,
196,Food,Freshcare,FOOFRESHCARE-196,Freshcare Minyak Angin Teraphy Kayu Putih 10Ml,,KARTON,Tidak Ada,,,,,,,,,,,,,,,,,,,
197,Food,Garnier,FOOGARNIER-197,Garnier Bright Comp Whip Foam 100Ml,8994993009015,KARTON,Tidak Ada,,,,,,,,,,,,,,,,,,,
198,Food,Garnier,FOOGARNIER-198,Garnier Bright Complete Serum Cleanser 100Ml,8994993026791,KARTON,Tidak Ada,,,,,,,,,,,,,,,,,,,
199,Food,Garnier,FOOGARNIER-199,Garnier Lc Dark Spot Serum 30Ml,8994993011377,KARTON,Tidak Ada,,,,,,,,,,,,,,,,,,,
200,Food,Garnier,FOOGARNIER-200,Garnier Lc Uv Matte 30Ml As,8994993011322,KARTON,Tidak Ada,,,,,,,,,,,,,,,,,,,
201,Food,Garnier,FOOGARNIER-201,Garnier Light Brightening Scrub Wash 100Gr,8991380700609,KARTON,Tidak Ada,,,,,,,,,,,,,,,,,,,
202,Food,Garnier,FOOGARNIER-202,Garnier Light Brightening Scrub Wash 50Gr,8991380700593,KARTON,Tidak Ada,,,,,,,,,,,,,,,,,,,
203,Food,Garnier,FOOGARNIER-203,Garnier Light Complete Night Yoghurt 50Ml,8992304094774,KARTON,Tidak Ada,,,,,,,,,,,,,,,,,,,
204,Food,Garnier,FOOGARNIER-204,Garnier Light Complete White Speed Serum 50Ml (Jar),8992304054419,KARTON,Tidak Ada,,,,,,,,,,,,,,,,,,,
205,Food,Garnier,FOOGARNIER-205,Garnier Light Gentle Clarifying Foam 100Ml,8991380700029,KARTON,Tidak Ada,,,,,,,,,,,,,,,,,,,
206,Food,Garnier,FOOGARNIER-206,Garnier Light Gentle Clarifying Foam 50Ml,8991380700036,KARTON,Tidak Ada,,,,,,,,,,,,,,,,,,,
207,Food,Garnier,FOOGARNIER-207,Garnier Men Acno Fight 2In1 Foam 50Ml,8992304016967,KARTON,Tidak Ada,,,,,,,,,,,,,,,,,,,
208,Food,Garnier,FOOGARNIER-208,Garnier Men Acno Fight Anti Acne Scrub In Foam 100Ml X 12,8992304015298,KARTON,Tidak Ada,,,,,,,,,,,,,,,,,,,
209,Food,Garnier,FOOGARNIER-209,Garnier Men Acno Fight Wasabi Foam 100Ml,8992304039614,KARTON,Tidak Ada,,,,,,,,,,,,,,,,,,,
210,Food,Garnier,FOOGARNIER-210,Garnier Men Power White Super Duo Foam 100Ml X 12,8992304047435,KARTON,Tidak Ada,,,,,,,,,,,,,,,,,,,
211,Food,Garnier,FOOGARNIER-211,Garnier Men Tl Oil Control Foam 50Ml,8992304009143,KARTON,Tidak Ada,,,,,,,,,,,,,,,,,,,
212,Food,Garnier,FOOGARNIER-212,Garnier Men Tl Oil Control Scrub 50Ml,8992304009181,KARTON,Tidak Ada,,,,,,,,,,,,,,,,,,,
213,Food,Garnier,FOOGARNIER-213,Garnier Men Tloc Intensive 3In1 Foam 50Ml,8994993001378,KARTON,Tidak Ada,,,,,,,,,,,,,,,,,,,
214,Food,Garnier,FOOGARNIER-214,Garnier Men Tloc White Icy Duo Foam 100Ml,8992304047428,KARTON,Tidak Ada,,,,,,,,,,,,,,,,,,,
215,Food,Garnier,FOOGARNIER-215,Garnier Men Total Oil Control Intensive 3In1 100Ml,8994993001323,KARTON,Tidak Ada,,,,,,,,,,,,,,,,,,,
216,Food,Garnier,FOOGARNIER-216,Garnier Men Turbo Light Oil Control Brightening Cooling Foam 100Ml X 12,8992304009167,KARTON,Tidak Ada,,,,,,,,,,,,,,,,,,,
217,Food,Garnier,FOOGARNIER-217,Garnier Men Turbo Light Oil Control Brightening Icy Scrub 100Ml,8992304009204,KARTON,Tidak Ada,,,,,,,,,,,,,,,,,,,
218,Food,Garnier,FOOGARNIER-218,Garnier Pure Active Matcha Foam 100Ml,8992304082221,KARTON,Tidak Ada,,,,,,,,,,,,,,,,,,,
219,Food,Garnier,FOOGARNIER-219,Garnier Pure Active Multi-Action Foam 100Ml,8992304019524,KARTON,Tidak Ada,,,,,,,,,,,,,,,,,,,
220,Food,Garnier,FOOGARNIER-220,Garnier Sakura Glow Foam 100Ml,8992304047152,KARTON,Tidak Ada,,,,,,,,,,,,,,,,,,,
221,Food,Garnier,FOOGARNIER-221,Garnier Sakura Hyaluron Serum 30Ml,8994993010721,KARTON,Tidak Ada,,,,,,,,,,,,,,,,,,,
222,Food,Garnier,FOOGARNIER-222,Garnier Sakura White Wf 100Ml,8994993009534,KARTON,Tidak Ada,,,,,,,,,,,,,,,,,,,
223,Food,Garuda,FOOGARUDA-223,Garuda Skippy Peanut Butter Mini Ball Snacks,8992775006023,KARTON,Tidak Ada,,,,,,,,,,,,,,,,,,,
224,Personal Care,Gatsby,PERGATSBY-224,Gatsby Cooling Face Wash Speedy Oil Foam 110Ml X 2 X 12,8992222056618,KARTON,Tidak Ada,,,,,,,,,,,,,,,,,,,
225,Personal Care,Gatsby,PERGATSBY-225,Gatsby Deodorant Nature Perfume Body Spray Calm Wood ,8992222057165,KARTON,Tidak Ada,,,,,,,,,,,,,,,,,,,
226,Personal Care,Gatsby,PERGATSBY-226,Gatsby Deodorant Nature Perfume Body Spray Cool Fougere 150 Ml X 4 X 12,8992222057158,KARTON,Tidak Ada,,,,,,,,,,,,,,,,,,,
227,Personal Care,Gatsby,PERGATSBY-227,Gatsby Deodorant Nature Perfume Body Spray Premium Tonka 150 Ml X 4 X 12,8992222057141,KARTON,Tidak Ada,,,,,,,,,,,,,,,,,,,
228,Personal Care,Gatsby,PERGATSBY-228,Gatsby Deodorant Nature Perfume Body Spray Relax Musk 150 Ml X 4 X 12,8992222057172,KARTON,Tidak Ada,,,,,,,,,,,,,,,,,,,
229,Personal Care,Gatsby,PERGATSBY-229,Gatsby Eau De Blue Deo Roll On Air Code 48X50Ml,8992222056809,KARTON,Tidak Ada,,,,,,,,,,,,,,,,,,,
230,Personal Care,Gatsby,PERGATSBY-230,Gatsby Eau De Blue Deo Roll On Earth Code 48X50Ml,8992222056793,KARTON,Tidak Ada,,,,,,,,,,,,,,,,,,,
231,Personal Care,Gatsby,PERGATSBY-231,Gatsby Eau De Blue Deo Roll On Skyline Code 48X50Ml,8992222056786,KARTON,Tidak Ada,,,,,,,,,,,,,,,,,,,
232,Personal Care,Gatsby,PERGATSBY-232,Gatsby Eau De Blue Eau De Parfum Air Code 48X100Ml,8992222056779,KARTON,Tidak Ada,,,,,,,,,,,,,,,,,,,
233,Personal Care,Gatsby,PERGATSBY-233,Gatsby Eau De Blue Eau De Parfum Earth Code 48X100Ml,8992222056762,KARTON,Tidak Ada,,,,,,,,,,,,,,,,,,,
234,Personal Care,Gatsby,PERGATSBY-234,Gatsby Eau De Blue Eau De Parfum Skyline Code 48X100Ml,8992222056755,KARTON,Tidak Ada,,,,,,,,,,,,,,,,,,,
235,Personal Care,Gatsby,PERGATSBY-235,Gatsby Eau De Bold Deodorant Roll On Moon Code 50 Mlx48,8992222057097,KARTON,Tidak Ada,,,,,,,,,,,,,,,,,,,
236,Personal Care,Gatsby,PERGATSBY-236,Gatsby Eau De Bold Deodorant Roll On Space Code 50 Mlx48,8992222057073,KARTON,Tidak Ada,,,,,,,,,,,,,,,,,,,
237,Personal Care,Gatsby,PERGATSBY-237,Gatsby Eau De Bold Deodorant Roll On Star Code 50 Mlx48,8992222057080,KARTON,Tidak Ada,,,,,,,,,,,,,,,,,,,
238,Personal Care,Gatsby,PERGATSBY-238,Gatsby Eau De Bold Eau De Parfum Moon Code 100Mlx48,8992222057066,KARTON,Tidak Ada,,,,,,,,,,,,,,,,,,,
239,Personal Care,Gatsby,PERGATSBY-239,Gatsby Eau De Bold Eau De Parfum Space Code 100Mlx48,8992222057042,KARTON,Tidak Ada,,,,,,,,,,,,,,,,,,,
240,Personal Care,Gatsby,PERGATSBY-240,Gatsby Eau De Bold Eau De Parfum Star Code 100Mlx48,8992222057059,KARTON,Tidak Ada,,,,,,,,,,,,,,,,,,,
241,Personal Care,Gatsby,PERGATSBY-241,Gatsby Facewash Clear Whitening 100Grx36,8992222054553,KARTON,Tidak Ada,,,,,,,,,,,,,,,,,,,
242,Personal Care,Gatsby,PERGATSBY-242,Gatsby Facewash Oil Control 100Grx36,8992222054539,KARTON,Tidak Ada,,,,,,,,,,,,,,,,,,,
243,Personal Care,Gatsby,PERGATSBY-243,Gatsby Facewash Perfect Clean 100Grx36,8992222054515,KARTON,Tidak Ada,,,,,,,,,,,,,,,,,,,
244,Personal Care,Gatsby,PERGATSBY-244,Gatsby Facewash Skin Triple Protection 100Grx36,8992222056595,KARTON,Tidak Ada,,,,,,,,,,,,,,,,,,,
245,Personal Care,Gatsby,PERGATSBY-245,Gatsby Fiber Clay 80G X 4 X 12,8992222057264,KARTON,Tidak Ada,,,,,,,,,,,,,,,,,,,
246,Personal Care,Gatsby,PERGATSBY-246,Gatsby Fiber Pomade 80G X 4 X 12,8992222057257,KARTON,Tidak Ada,,,,,,,,,,,,,,,,,,,
247,Personal Care,Gatsby,PERGATSBY-247,Gatsby Harmonic Cologne At The Sea 100 Ml X 4 X 12,8992222057240,KARTON,Tidak Ada,,,,,,,,,,,,,,,,,,,
248,Personal Care,Gatsby,PERGATSBY-248,Gatsby Harmonic Cologne In The Fest 100 Ml X 4 X 12,8992222057233,KARTON,Tidak Ada,,,,,,,,,,,,,,,,,,,
249,Personal Care,Gatsby,PERGATSBY-249,Gatsby Harmonic Cologne In The Lounge 100 Ml X 4 X 12,8992222057226,KARTON,Tidak Ada,,,,,,,,,,,,,,,,,,,
250,Personal Care,Gatsby,PERGATSBY-250,Gatsby Prime Body Perfume Spray Dark Leather 100 Ml X 6 X 12,8992222057103,KARTON,Tidak Ada,,,,,,,,,,,,,,,,,,,
251,Personal Care,Gatsby,PERGATSBY-251,Gatsby Prime Body Perfume Spray Luxe Amber 100 Ml X 6 X 12,8992222057127,KARTON,Tidak Ada,,,,,,,,,,,,,,,,,,,
252,Personal Care,Gatsby,PERGATSBY-252,Gatsby Prime Body Perfume Spray Ocean Ice 100 Ml X 6 X 12,8992222057134,KARTON,Tidak Ada,,,,,,,,,,,,,,,,,,,
253,Personal Care,Gatsby,PERGATSBY-253,Gatsby Prime Body Perfume Spray Velvet Rouge 100 Ml X 6 X 12,8992222057110,KARTON,Tidak Ada,,,,,,,,,,,,,,,,,,,
254,Personal Care,Gatsby,PERGATSBY-254,Gatsby Roll On Deodorant Fresh Marine 72X50Ml,8992222054010,KARTON,Tidak Ada,,,,,,,,,,,,,,,,,,,
255,Personal Care,Gatsby,PERGATSBY-255,Gatsby Spray Pomade Quick & Grease 150Mlx48,8998866106214,KARTON,Tidak Ada,,,,,,,,,,,,,,,,,,,
256,Personal Care,Gatsby,PERGATSBY-256,Gatsby Spray Pomade Quick & Volume 150Mlx48,8992222056717,KARTON,Tidak Ada,,,,,,,,,,,,,,,,,,,
257,Personal Care,Gatsby,PERGATSBY-257,Gatsby Styling Pomade 75G (Perfect Rise) 4 X 12 X 75G,8992222055482,KARTON,Tidak Ada,,,,,,,,,,,,,,,,,,,
258,Personal Care,Gatsby,PERGATSBY-258,Gatsby Styling Pomade Matte Moulder 96X30Gr,8992222055864,KARTON,Tidak Ada,,,,,,,,,,,,,,,,,,,
259,Personal Care,Gatsby,PERGATSBY-259,Gatsby Styling Pomade Supreme Grease 80Grx48,8992222054492,KARTON,Tidak Ada,,,,,,,,,,,,,,,,,,,
260,Personal Care,Gatsby,PERGATSBY-260,Gatsby Styling Pomade Supreme Hold (48X75Gr),8992222054980,KARTON,Tidak Ada,,,,,,,,,,,,,,,,,,,
261,Personal Care,Gatsby,PERGATSBY-261,Gatsby Styling Wax - Extreme Volume 216X25Gr,8992222056038,KARTON,Tidak Ada,,,,,,,,,,,,,,,,,,,
262,Personal Care,Gatsby,PERGATSBY-262,Gatsby Styling Wax (Extreme & Volume) 8 X 12 X 75G,8992222056045,KARTON,Tidak Ada,,,,,,,,,,,,,,,,,,,
263,Personal Care,Gatsby,PERGATSBY-263,Gatsby Styling Wax Hard And Free 25 Gr X 216,8992222051750,KARTON,Tidak Ada,,,,,,,,,,,,,,,,,,,
264,Personal Care,Gatsby,PERGATSBY-264,Gatsby Styling Wax Hard&Free (Blue) 96X75Gr,8992222051606,KARTON,Tidak Ada,,,,,,,,,,,,,,,,,,,
265,Personal Care,Gatsby,PERGATSBY-265,Gatsby Styling Wax Mat & Hard 25Gr X 216,8992222051767,KARTON,Tidak Ada,,,,,,,,,,,,,,,,,,,
266,Personal Care,Gatsby,PERGATSBY-266,Gatsby Styling Wax Mat&Hard (Black) 96X75Gr,8992222051613,KARTON,Tidak Ada,,,,,,,,,,,,,,,,,,,
267,Personal Care,Gatsby,PERGATSBY-267,Gatsby Styling Wax Power&Spike (Red) 216X25Gr,8992222051736,KARTON,Tidak Ada,,,,,,,,,,,,,,,,,,,
268,Personal Care,Gatsby,PERGATSBY-268,Gatsby Styling Wax Power&Spike (Red) 96X75Gr,8992222051729,KARTON,Tidak Ada,,,,,,,,,,,,,,,,,,,
269,Personal Care,Gatsby,PERGATSBY-269,Gatsby T-Hair Cream Normal 36X250Gr,8992222050265,KARTON,Tidak Ada,,,,,,,,,,,,,,,,,,,
270,Personal Care,Gatsby,PERGATSBY-270,Gatsby T-Hair Cream Normal 48X120Gr,8992222050258,KARTON,Tidak Ada,,,,,,,,,,,,,,,,,,,
271,Personal Care,Gatsby,PERGATSBY-271,Gatsby T-Hair Cream Normal 96X70Gr,8992222050241,KARTON,Tidak Ada,,,,,,,,,,,,,,,,,,,
272,Personal Care,Gatsby,PERGATSBY-272,Gatsby T-Hair Cream-Anti Dandruff 96Pcsx70Gr,8992222050616,KARTON,Tidak Ada,,,,,,,,,,,,,,,,,,,
273,Personal Care,Gatsby,PERGATSBY-273,Gatsby T-Hair Cream-Normal 216Pcsx28Gr,8992222050418,KARTON,Tidak Ada,,,,,,,,,,,,,,,,,,,
274,Personal Care,Gatsby,PERGATSBY-274,Gatsby T-Hair Cream-Normal 36Pcsx250Gr,,KARTON,Tidak Ada,,,,,,,,,,,,,,,,,,,
275,Personal Care,Gatsby,PERGATSBY-275,Gatsby T-Haircream Antidandruff 216Pcsx28Gr,8992222050609,KARTON,Tidak Ada,,,,,,,,,,,,,,,,,,,
276,Personal Care,Gatsby,PERGATSBY-276,Gatsby The Nature Styling Balm Cream 75 G X 8 X 12,8992222056892,KARTON,Tidak Ada,,,,,,,,,,,,,,,,,,,
277,Personal Care,Gatsby,PERGATSBY-277,Gatsby The Nature Styling Balm Pomade 70 G X 8 X 12,8992222056885,KARTON,Tidak Ada,,,,,,,,,,,,,,,,,,,
278,Personal Care,Gatsby,PERGATSBY-278,Gatsby Urban Cologne Attractive 48X125Ml,,KARTON,Tidak Ada,,,,,,,,,,,,,,,,,,,
279,Personal Care,Gatsby,PERGATSBY-279,Gatsby Urban Cologne Confidence 48X125Ml,,KARTON,Tidak Ada,,,,,,,,,,,,,,,,,,,
280,Personal Care,Gatsby,PERGATSBY-280,Gatsby Urban Cologne Dignity 48X125Ml,,KARTON,Tidak Ada,,,,,,,,,,,,,,,,,,,
281,Personal Care,Gatsby,PERGATSBY-281,Gatsby Urban Cologne Energy 48X125Ml,8992222053426,KARTON,Tidak Ada,,,,,,,,,,,,,,,,,,,
282,Personal Care,Gatsby,PERGATSBY-282,Gatsby Urban Cologne Intention 48X125Ml,,KARTON,Tidak Ada,,,,,,,,,,,,,,,,,,,
283,Personal Care,Gatsby,PERGATSBY-283,Gatsby Urvibe Cologne #Atethat 115 Ml X 4 X 12,8992222057592,KARTON,Tidak Ada,,,,,,,,,,,,,,,,,,,
284,Personal Care,Gatsby,PERGATSBY-284,Gatsby Urvibe Cologne #Bop 115 Ml X 4 X 12,8992222057578,KARTON,Tidak Ada,,,,,,,,,,,,,,,,,,,
285,Personal Care,Gatsby,PERGATSBY-285,Gatsby Urvibe Cologne #G.O.A.T 115 Ml X 4 X 12,8992222057561,KARTON,Tidak Ada,,,,,,,,,,,,,,,,,,,
286,Personal Care,Gatsby,PERGATSBY-286,Gatsby Urvibe Cologne #Rizzler 115 Ml X 4 X 12,8992222057585,KARTON,Tidak Ada,,,,,,,,,,,,,,,,,,,
287,Personal Care,Gatsby,PERGATSBY-287,Gatsby Water Gloss Hard 100 Gr X 24,8992222050135,KARTON,Tidak Ada,,,,,,,,,,,,,,,,,,,
288,Personal Care,Gatsby,PERGATSBY-288,Gatsby Water Gloss Hard 24X100Gr,,KARTON,Tidak Ada,,,,,,,,,,,,,,,,,,,
289,Personal Care,Gatsby,PERGATSBY-289,Gatsby Water Gloss Hard 48X150Gr,8992222050104,KARTON,Tidak Ada,,,,,,,,,,,,,,,,,,,
290,Personal Care,Gatsby,PERGATSBY-290,Gatsby Water Gloss Hard 96X75Gr,8992222050142,KARTON,Tidak Ada,,,,,,,,,,,,,,,,,,,
291,Personal Care,Gatsby,PERGATSBY-291,Gatsby Water Gloss Hyper Solid 100 Gr X 24,8992222053006,KARTON,Tidak Ada,,,,,,,,,,,,,,,,,,,
292,Personal Care,Gatsby,PERGATSBY-292,Gatsby Water Gloss Hyper Solid 216X30Gr,8992222052979,KARTON,Tidak Ada,,,,,,,,,,,,,,,,,,,
293,Personal Care,Gatsby,PERGATSBY-293,Gatsby Water Gloss Hyper Solid 24X100Gr,,KARTON,Tidak Ada,,,,,,,,,,,,,,,,,,,
294,Personal Care,Gatsby,PERGATSBY-294,Gatsby Water Gloss Hyper Solid 36X300Gr,8992222053020,KARTON,Tidak Ada,,,,,,,,,,,,,,,,,,,
295,Personal Care,Gatsby,PERGATSBY-295,Gatsby Water Gloss Hyper Solid 48X150Gr,8992222053013,KARTON,Tidak Ada,,,,,,,,,,,,,,,,,,,
296,Personal Care,Gatsby,PERGATSBY-296,Gatsby Water Gloss Hyper Solid 96X75Gr,8992222052993,KARTON,Tidak Ada,,,,,,,,,,,,,,,,,,,
297,Personal Care,Gatsby,PERGATSBY-297,Gatsby Water Gloss Soft ,8992222050074,KARTON,Tidak Ada,,,,,,,,,,,,,,,,,,,
298,Personal Care,Gatsby,PERGATSBY-298,Gatsby Water Gloss Soft 100 Gr X 24,,KARTON,Tidak Ada,,,,,,,,,,,,,,,,,,,
299,Personal Care,Gatsby,PERGATSBY-299,Gatsby Water Gloss Soft 24X100Gr,8992222050043,KARTON,Tidak Ada,,,,,,,,,,,,,,,,,,,
300,Personal Care,Gatsby,PERGATSBY-300,Gatsby Water Gloss Soft 48X150Gr,8992222050098,KARTON,Tidak Ada,,,,,,,,,,,,,,,,,,,
301,Personal Care,Gatsby,PERGATSBY-301,Gatsby Water Gloss Super Hard 100 Gr X 24,8992222050180,KARTON,Tidak Ada,,,,,,,,,,,,,,,,,,,
302,Personal Care,Gatsby,PERGATSBY-302,Gatsby Water Gloss Super Hard 150Grx48,8992222050159,KARTON,Tidak Ada,,,,,,,,,,,,,,,,,,,
303,Personal Care,Gatsby,PERGATSBY-303,Gatsby Water Gloss Super Hard 216X30Gr,8992222050401,KARTON,Tidak Ada,,,,,,,,,,,,,,,,,,,
304,Personal Care,Gatsby,PERGATSBY-304,Gatsby Water Gloss Super Hard 24X100Gr,,KARTON,Tidak Ada,,,,,,,,,,,,,,,,,,,
305,Personal Care,Gatsby,PERGATSBY-305,Gatsby Water Gloss Super Hard 96X75Gr,8992222050203,KARTON,Tidak Ada,,,,,,,,,,,,,,,,,,,
306,Personal Care,Gatsby,PERGATSBY-306,Gatsby Water Gloss Ultimate Hold <Tube> 24X100Gr,8992222055239,KARTON,Tidak Ada,,,,,,,,,,,,,,,,,,,
307,Personal Care,Gatsby,PERGATSBY-307,Gatsby Water Gloss Ultimate Hold <Tube> 48X150Gr,8992222055246,KARTON,Tidak Ada,,,,,,,,,,,,,,,,,,,
308,Personal Care,Gatsby,PERGATSBY-308,Gatsby Water Gloss Ultimate Hold 75Grx96,8992222055222,KARTON,Tidak Ada,,,,,,,,,,,,,,,,,,,
309,Food,Gery,FOOGERY-309,Gery Saluut Malkiist Chocolate - 30 Bag,8992775315057,KARTON,Tidak Ada,,,,,,,,,,,,,,,,,,,
310,Food,Gery,FOOGERY-310,Gery Saluut Malkist Cheese - 30 Bag,8992775315095,KARTON,Tidak Ada,,,,,,,,,,,,,,,,,,,
311,Personal Care,Giv,PERGIV-311,Giv Bar Soap Bengkuang 72Gr,,KARTON,Tidak Ada,,,,,,,,,,,,,,,,,,,
312,Personal Care,Giv,PERGIV-312,Giv Bar Soap Biru 72Gr,,KARTON,Tidak Ada,,,,,,,,,,,,,,,,,,,
313,Personal Care,Giv,PERGIV-313,Giv Bar Soap Merah 72Gr,,KARTON,Tidak Ada,,,,,,,,,,,,,,,,,,,
314,Personal Care,Giv,PERGIV-314,Giv Bar Soap Papaya 72Gr,,KARTON,Tidak Ada,,,,,,,,,,,,,,,,,,,
315,Food,Glade,FOOGLADE-315,Glade 2 In 1 Lavender 350Ml,8992779139406,KARTON,Tidak Ada,,,,,,,,,,,,,,,,,,,
316,Food,Glade,FOOGLADE-316,Glade Car Fresh Wild Berries Refill 70Gr,8992779154904,KARTON,Tidak Ada,,,,,,,,,,,,,,,,,,,
317,Food,Glade,FOOGLADE-317,Glade Spa Airfreshner Elegant Vanilla & Oud Wood 225Ml,8992779071201,KARTON,Tidak Ada,,,,,,,,,,,,,,,,,,,
318,Food,Good,FOOGOOD-318,Good Day Cappucino 25Gr,8991002103771,KARTON,Tidak Ada,,,,,,,,,,,,,,,,,,,
319,Food,Good,FOOGOOD-319,Good Day Coffeemix Original 20Gr X 12 X 30,8991002103542,KARTON,Tidak Ada,,,,,,,,,,,,,,,,,,,
320,Food,Good,FOOGOOD-320,Good Day Freeze Mocafrio 30Gr,,KARTON,Tidak Ada,,,,,,,,,,,,,,,,,,,
321,Food,Good,FOOGOOD-321,Good Day Latte Butterscotch,8991002143067,KARTON,Tidak Ada,,,,,,,,,,,,,,,,,,,
322,Food,Good,FOOGOOD-322,Good Day Latte Original,8991002143043,KARTON,Tidak Ada,,,,,,,,,,,,,,,,,,,
323,Personal Care,Harmony,PERHARMONY-323,Harmony Soap Grape 70Gr,8993379200862,KARTON,Tidak Ada,,,,,,,,,,,,,,,,,,,
324,Personal Care,Harmony,PERHARMONY-324,Harmony Soap Lemon 70Gr,8993379241858,KARTON,Tidak Ada,,,,,,,,,,,,,,,,,,,
325,Personal Care,Harmony,PERHARMONY-325,Harmony Soap Melon 70Gr,8993379200879,KARTON,Tidak Ada,,,,,,,,,,,,,,,,,,,
326,Personal Care,Harmony,PERHARMONY-326,Harmony Soap Orange 70Gr,8993379200886,KARTON,Tidak Ada,,,,,,,,,,,,,,,,,,,
327,Personal Care,Harmony,PERHARMONY-327,Harmony Soap Strawberry 70Gr,8993379200855,KARTON,Tidak Ada,,,,,,,,,,,,,,,,,,,
328,Food,Head,FOOHEAD-328,Head & Shoulders Anti Apek (Hitam),4902430297219,KARTON,Tidak Ada,,,,,,,,,,,,,,,,,,,
329,Food,Head,FOOHEAD-329,Head & Shoulders Anti Bacterial (Biru),4902430566988,KARTON,Tidak Ada,,,,,,,,,,,,,,,,,,,
330,Food,Head,FOOHEAD-330,Head & Shoulders Anti Hairfall (Orange),4902430566858,KARTON,Tidak Ada,,,,,,,,,,,,,,,,,,,
331,Food,Head,FOOHEAD-331,Head & Shoulders Cool Mentol (Hijau),4902430566896,KARTON,Tidak Ada,,,,,,,,,,,,,,,,,,,
332,Food,Head,FOOHEAD-332,Head & Shoulders Itch-Care (Biru Tua),4987176081049,KARTON,Tidak Ada,,,,,,,,,,,,,,,,,,,
333,Food,Head,FOOHEAD-333,Head & Shoulders Lemon Fresh (Kuning),4902430566889,KARTON,Tidak Ada,,,,,,,,,,,,,,,,,,,
334,Food,Head,FOOHEAD-334,Head & Shoulders Smooth & Silky (Merah),4902430566834,KARTON,Tidak Ada,,,,,,,,,,,,,,,,,,,
335,Food,Hello,FOOHELLO-335,Hello Panda Caramel 42Gr,8994504240036,KARTON,Tidak Ada,,,,,,,,,,,,,,,,,,,
336,Food,Hello,FOOHELLO-336,Hello Panda Chocolate 42Gr,8994504302314,KARTON,Tidak Ada,,,,,,,,,,,,,,,,,,,
337,Food,Hello,FOOHELLO-337,Hello Panda Cookies & Cream 42Gr,8994504322336,KARTON,Tidak Ada,,,,,,,,,,,,,,,,,,,
338,Food,Hello,FOOHELLO-338,Hello Panda Double Choco 42Gr,8994504150021,KARTON,Tidak Ada,,,,,,,,,,,,,,,,,,,
339,Beverage,Hello,BEVHELLO-339,Hello Panda Milk Vanilla 42Gr,8994504102334,KARTON,Tidak Ada,,,,,,,,,,,,,,,,,,,
340,Food,Hello,FOOHELLO-340,Hello Panda Strawberry 42Gr,8994504102327,KARTON,Tidak Ada,,,,,,,,,,,,,,,,,,,
341,Food,Hit,FOOHIT-341,Hit Lily 600Ml,,KARTON,Tidak Ada,,,,,,,,,,,,,,,,,,,
342,Food,Hit,FOOHIT-342,Hit Orange 600Ml,,KARTON,Tidak Ada,,,,,,,,,,,,,,,,,,,
343,Food,Hs,FOOHS-343,Hs Smooth & Silky (Merah),,KARTON,Tidak Ada,,,,,,,,,,,,,,,,,,,
344,Food,Hydro,FOOHYDRO-344,Hydro Coco 250Ml,8992858527308,KARTON,Tidak Ada,,,,,,,,,,,,,,,,,,,
345,Food,Imboost,FOOIMBOOST-345,Imboost Syr 60Ml,68051721,KARTON,Tidak Ada,,,,,,,,,,,,,,,,,,,
346,Food,Indomie,FOOINDOMIE-346,Indomie Ayam Bawang 69Gr,89686010015,KARTON,Tidak Ada,,,,,,,,,,,,,,,,,,,
347,Food,Indomie,FOOINDOMIE-347,Indomie Coto Makasar 80Gr,89686043051,KARTON,Tidak Ada,,,,,,,,,,,,,,,,,,,
348,Food,Indomie,FOOINDOMIE-348,Indomie Empal Gentong 75Gr,,KARTON,Tidak Ada,,,,,,,,,,,,,,,,,,,
349,Food,Indomie,FOOINDOMIE-349,Indomie Goreng Ayam Panggang Jumbo 127Gr,89686041767,KARTON,Tidak Ada,,,,,,,,,,,,,,,,,,,
350,Food,Indomie,FOOINDOMIE-350,Indomie Goreng Cabe Ijo 90Gr,89686010718,KARTON,Tidak Ada,,,,,,,,,,,,,,,,,,,
351,Food,Indomie,FOOINDOMIE-351,Indomie Goreng Cakalang 75Gr,,KARTON,Tidak Ada,,,,,,,,,,,,,,,,,,,
352,Food,Indomie,FOOINDOMIE-352,Indomie Goreng Rendang 91Gr,89686910704,KARTON,Tidak Ada,,,,,,,,,,,,,,,,,,,
353,Food,Indomie,FOOINDOMIE-353,Indomie Goreng Rendang Jumbo 120Gr,89686043631,KARTON,Tidak Ada,,,,,,,,,,,,,,,,,,,
354,Food,Indomie,FOOINDOMIE-354,Indomie Goreng Special 85Gr,89686010947,KARTON,Tidak Ada,,,,,,,,,,,,,,,,,,,
355,Food,Indomie,FOOINDOMIE-355,Indomie Korean Ramyeon Fiery Chikin 94Gr,89686040197,KARTON,Tidak Ada,,,,,,,,,,,,,,,,,,,
356,Food,Indomie,FOOINDOMIE-356,Indomie Korean Ramyeon K-Rose 85Gr,89686040227,KARTON,Tidak Ada,,,,,,,,,,,,,,,,,,,
357,Food,Indomie,FOOINDOMIE-357,Indomie Korean Spicy Ramyeon 83Gr,89686040173,KARTON,Tidak Ada,,,,,,,,,,,,,,,,,,,
358,Food,Indomie,FOOINDOMIE-358,Indomie Kuah Cakalang 75Gr,,KARTON,Tidak Ada,,,,,,,,,,,,,,,,,,,
359,Food,Indomie,FOOINDOMIE-359,Indomie Mie Kocok Bandung 75Gr,89686011289,KARTON,Tidak Ada,,,,,,,,,,,,,,,,,,,
360,Food,Indomie,FOOINDOMIE-360,Indomie Nyemek Bangladesh 85Gr,89686043815,KARTON,Tidak Ada,,,,,,,,,,,,,,,,,,,
361,Food,Indomie,FOOINDOMIE-361,Indomie Soto Mie 70Gr,89686010343,KARTON,Tidak Ada,,,,,,,,,,,,,,,,,,,
362,Food,Jf,FOOJF-362,Jf Sulfur 90Gr,8992751000049,KARTON,Tidak Ada,,,,,,,,,,,,,,,,,,,
363,Food,Johnson,FOOJOHNSON-363,Johnson Baby Hair&Body Top To Toe Wash 100Ml,9556006012086,KARTON,Tidak Ada,,,,,,,,,,,,,,,,,,,
364,Food,Johnson,FOOJOHNSON-364,Johnson Baby Hair&Body Top To Toe Wash 200Ml,9556006012093,KARTON,Tidak Ada,,,,,,,,,,,,,,,,,,,
365,Food,Johnson,FOOJOHNSON-365,Johnson Baby Oil 125Ml,891111101323,KARTON,Tidak Ada,,,,,,,,,,,,,,,,,,,
366,Food,Johnson,FOOJOHNSON-366,Johnson Baby Oil Reguler 50Ml,8991111101316,KARTON,Tidak Ada,,,,,,,,,,,,,,,,,,,
367,Personal Care,Johnson,PERJOHNSON-367,Johnson Baby Shampoo Gold 200Ml,8991111101279,KARTON,Tidak Ada,,,,,,,,,,,,,,,,,,,
368,Food,Kapal,FOOKAPAL-368,Kapal Api Mix Sachet,18991002105543,KARTON,Tidak Ada,,,,,,,,,,,,,,,,,,,
369,Food,Kecap,FOOKECAP-369,Kecap Bango 1.525 Kg,14632344001,KARTON,Tidak Ada,,,,,,,,,,,,,,,,,,,
370,Food,Kecap,FOOKECAP-370,Kecap Bango 25Gr,8999999533496,KARTON,Tidak Ada,,,,,,,,,,,,,,,,,,,
371,Food,Kecap,FOOKECAP-371,Kecap Bango 77Gr,8999999514006,KARTON,Tidak Ada,,,,,,,,,,,,,,,,,,,
372,Food,Kecap,FOOKECAP-372,Kecap Bango Botol 189Gr,,KARTON,Tidak Ada,,,,,,,,,,,,,,,,,,,
373,Food,Kecap,FOOKECAP-373,Kecap Bango Botol 385Gr,8999999002503,KARTON,Tidak Ada,,,,,,,,,,,,,,,,,,,
374,Food,Kecap,FOOKECAP-374,Kecap Bango Botol 865Gr,8990121011028,KARTON,Tidak Ada,,,,,,,,,,,,,,,,,,,
375,Food,Kecap,FOOKECAP-375,Kecap Bango Refill 520Ml,,KARTON,Tidak Ada,,,,,,,,,,,,,,,,,,,
376,Food,Kecap,FOOKECAP-376,Kecap Bango Refill 700Ml,8999999100506,KARTON,Tidak Ada,,,,,,,,,,,,,,,,,,,
377,Food,Khong,FOOKHONG-377,Khong Guan Saltcheese 100Gr,8888166603417,KARTON,Tidak Ada,,,,,,,,,,,,,,,,,,,
378,Food,Khongguan,FOOKHONGGUAN-378,Khongguan Ass Biscuit Red Mini 650Gr,,KARTON,Tidak Ada,,,,,,,,,,,,,,,,,,,
379,Food,Khongguan,FOOKHONGGUAN-379,Khongguan Ass Biscuit Red Segi 1600Gr,,KARTON,Tidak Ada,,,,,,,,,,,,,,,,,,,
380,Food,Kispray,FOOKISPRAY-380,Kispray Gold Reff 280Ml,8992772198059,KARTON,Tidak Ada,,,,,,,,,,,,,,,,,,,
381,Food,Kispray,FOOKISPRAY-381,Kispray Kasturi Pouch 280Ml,8992772948012,KARTON,Tidak Ada,,,,,,,,,,,,,,,,,,,
382,Beverage,Kit,BEVKIT-382,Kit Kat Chocolate Drink 220Ml X 24,8992696527874,KARTON,Tidak Ada,,,,,,,,,,,,,,,,,,,
383,Food,Kit,FOOKIT-383,Kit Kat Rtd 24X220Ml,,KARTON,Tidak Ada,,,,,,,,,,,,,,,,,,,
384,Food,Kodomo,FOOKODOMO-384,Kodomo Pasta Gigi Melon 36X45Gr,8998866103084,KARTON,Tidak Ada,,,,,,,,,,,,,,,,,,,
385,Food,Kodomo,FOOKODOMO-385,Kodomo Pasta Gigi Strawbery 45Gr,,KARTON,Tidak Ada,,,,,,,,,,,,,,,,,,,
386,Food,Kodomo,FOOKODOMO-386,Kodomo Pasta Gigi Strawbery 45Gr,,KARTON,Tidak Ada,,,,,,,,,,,,,,,,,,,
387,Personal Care,Kodomo,PERKODOMO-387,Kodomo Tooth Paste Gel Mix Berries (Pink) 36X45Gr,8998866616232,KARTON,Tidak Ada,,,,,,,,,,,,,,,,,,,
388,Beverage,Kopi,BEVKOPI-388,Kopi Abc Susu Bag,,KARTON,Tidak Ada,,,,,,,,,,,,,,,,,,,
389,Beverage,Kopi,BEVKOPI-389,Kopi Kapal Api Spesial 165Gr,8991002105423,KARTON,Tidak Ada,,,,,,,,,,,,,,,,,,,
390,Beverage,Kopi,BEVKOPI-390,Kopi Kapal Api Spesial Mix Bag 6X20X23Gr,,KARTON,Tidak Ada,,,,,,,,,,,,,,,,,,,
391,Beverage,Kopi,BEVKOPI-391,Kopi Neo Moccachino 20G Pack20,8998866201985,KARTON,Tidak Ada,,,,,,,,,,,,,,,,,,,
392,Beverage,Kopi,BEVKOPI-392,Kopi Neo Tiramisu 20G Pack20,18998866202029,KARTON,Tidak Ada,,,,,,,,,,,,,,,,,,,
393,Beverage,Kopi,BEVKOPI-393,Kopi Top Cappuccino Pack 20 X 6 X 25 Gr,8998866809696,KARTON,Tidak Ada,,,,,,,,,,,,,,,,,,,
394,Beverage,Kopi,BEVKOPI-394,Kopi Top Capucino 25Gr Bag 10,,KARTON,Tidak Ada,,,,,,,,,,,,,,,,,,,
395,Beverage,Kopi,BEVKOPI-395,Kopi Top Gula Aren Pack 20 X 6 X 22 G,8998866202633,KARTON,Tidak Ada,,,,,,,,,,,,,,,,,,,
396,Beverage,Kopi,BEVKOPI-396,Kopi Top Mokachinno Pack 20 X 6 X 22 Gr,8998866204033,KARTON,Tidak Ada,,,,,,,,,,,,,,,,,,,
397,Beverage,Kopi,BEVKOPI-397,Kopi Top Susu Gula Aren (3In1) 20 X 6 X 27 G,8998866203852,KARTON,Tidak Ada,,,,,,,,,,,,,,,,,,,
398,Food,Kratingdaeng,FOOKRATINGDAENG-398,Kratingdaeng 250Ml,,KARTON,Tidak Ada,,,,,,,,,,,,,,,,,,,
399,Food,Larutan,FOOLARUTAN-399,Larutan Badak Jambu 320Ml,0,KARTON,Tidak Ada,,,,,,,,,,,,,,,,,,,
400,Food,Larutan,FOOLARUTAN-400,Larutan Badak Lychee 320Ml,,KARTON,Tidak Ada,,,,,,,,,,,,,,,,,,,
401,Food,Larutan,FOOLARUTAN-401,Larutan Cap Kaki 3 Anggur 320Ml,8995227500230,KARTON,Tidak Ada,,,,,,,,,,,,,,,,,,,
402,Food,Larutan,FOOLARUTAN-402,Larutan Cap Kaki 3 Jambu 320Ml,8995227500247,KARTON,Tidak Ada,,,,,,,,,,,,,,,,,,,
403,Food,Larutan,FOOLARUTAN-403,Larutan Cap Kaki 3 Jeruk 320Ml,8995227500308,KARTON,Tidak Ada,,,,,,,,,,,,,,,,,,,
404,Food,Larutan,FOOLARUTAN-404,Larutan Cap Kaki 3 Leci 320Ml,8995227500278,KARTON,Tidak Ada,,,,,,,,,,,,,,,,,,,
405,Food,Larutan,FOOLARUTAN-405,Larutan Cap Kaki 3 Melon 320Ml,8995227500292,KARTON,Tidak Ada,,,,,,,,,,,,,,,,,,,
406,Food,Larutan,FOOLARUTAN-406,Larutan Cap Kaki 3 Ori 500Ml,8995227500261,KARTON,Tidak Ada,,,,,,,,,,,,,,,,,,,
407,Food,Larutan,FOOLARUTAN-407,Larutan Cap Kaki 3 Strawberry 320Ml,8995227500254,KARTON,Tidak Ada,,,,,,,,,,,,,,,,,,,
408,Food,Larutan,FOOLARUTAN-408,Larutan Penyegar Cap Kaki 3 200Ml,8995227500124,KARTON,Tidak Ada,,,,,,,,,,,,,,,,,,,
409,Food,Laurier,FOOLAURIER-409,Laurier Active Day Wing 20S,,KARTON,Tidak Ada,,,,,,,,,,,,,,,,,,,
410,Food,Laurier,FOOLAURIER-410,Laurier Relax Night 30S,,KARTON,Tidak Ada,,,,,,,,,,,,,,,,,,,
411,Food,Lays,FOOLAYS-411,Lays Seawed 64Gr,8995674320140,KARTON,Tidak Ada,,,,,,,,,,,,,,,,,,,
413,Food,Lays,FOOLAYS-413,Lays Sweet Chili 64Gr,8996302147895,KARTON,Tidak Ada,,,,,,,,,,,,,,,,,,,
415,Food,Lays,FOOLAYS-415,Lays Wavy Fried Chicken 64Gr,8997655412032,KARTON,Tidak Ada,,,,,,,,,,,,,,,,,,,
416,Personal Care,Lifebouy,PERLIFEBOUY-416,Lifebouy Bar Soap Lemon Fresh (Yellow) 100Gr,8999999053291,KARTON,Tidak Ada,,,,,,,,,,,,,,,,,,,
417,Personal Care,Lifebouy,PERLIFEBOUY-417,Lifebouy Shampoo Anti Dandruff 680Ml,,KARTON,Tidak Ada,,,,,,,,,,,,,,,,,,,
418,Personal Care,Lifebouy,PERLIFEBOUY-418,Lifebouy Soap Mild Care (White) 100Gr,8999999045913,KARTON,Tidak Ada,,,,,,,,,,,,,,,,,,,
419,Personal Care,Lifebouy,PERLIFEBOUY-419,Lifebouy Soap Total 10 100Gr,8999999045920,KARTON,Tidak Ada,,,,,,,,,,,,,,,,,,,
420,Food,Listerine,FOOLISTERINE-420,Listerine Mw Cool Mint 250Ml,8992725910332,KARTON,Tidak Ada,,,,,,,,,,,,,,,,,,,
421,Food,Listerine,FOOLISTERINE-421,Listerine Mw Cool Mint 500Ml,8992725910356,KARTON,Tidak Ada,,,,,,,,,,,,,,,,,,,
422,Food,Listerine,FOOLISTERINE-422,Listerine Mw Fresh Burst 250Ml,8992725910424,KARTON,Tidak Ada,,,,,,,,,,,,,,,,,,,
423,Food,Listerine,FOOLISTERINE-423,Listerine Mw Fresh Burst 500Ml,8992725910431,KARTON,Tidak Ada,,,,,,,,,,,,,,,,,,,
424,Food,Listerine,FOOLISTERINE-424,Listerine Mw Fresh Citrus 250Ml,8911111153261,KARTON,Tidak Ada,,,,,,,,,,,,,,,,,,,
425,Food,Listerine,FOOLISTERINE-425,Listerine Mw Original 250Ml,8992725910202,KARTON,Tidak Ada,,,,,,,,,,,,,,,,,,,
426,Food,Listerine,FOOLISTERINE-426,Listerine Mw Original 500Ml,8992725910226,KARTON,Tidak Ada,,,,,,,,,,,,,,,,,,,
427,Food,Listerine,FOOLISTERINE-427,Listerine Mw Zero 250Ml,8991111153049,KARTON,Tidak Ada,,,,,,,,,,,,,,,,,,,
428,Food,Listerine,FOOLISTERINE-428,Listerine Mw Zero 500Ml,8991111153056,KARTON,Tidak Ada,,,,,,,,,,,,,,,,,,,
429,Food,Lovillea,FOOLOVILLEA-429,Lovillea Eau De Pafrum (Hijab Mood)-Delight Peony 100Mlx24,8992222111201,KARTON,Tidak Ada,,,,,,,,,,,,,,,,,,,
430,Food,Lovillea,FOOLOVILLEA-430,Lovillea Eau De Pafrum (Hijab Mood)-Lively Orange 100Mlx24,8992222111195,KARTON,Tidak Ada,,,,,,,,,,,,,,,,,,,
431,Food,Lovillea,FOOLOVILLEA-431,Lovillea Eau De Pafrum-Blooming Rose 24X100Ml,8992222111140,KARTON,Tidak Ada,,,,,,,,,,,,,,,,,,,
432,Food,Lovillea,FOOLOVILLEA-432,Lovillea Eau De Pafrum-Classy Freesia (O) 100Mlx24,8992222111126,KARTON,Tidak Ada,,,,,,,,,,,,,,,,,,,
433,Food,Lovillea,FOOLOVILLEA-433,Lovillea Eau De Pafrum-Enchanting Lily 100Mlx24,8992222111133,KARTON,Tidak Ada,,,,,,,,,,,,,,,,,,,
434,Food,Lovillea,FOOLOVILLEA-434,Lovillea Happy Hype Parfum Body Mist Catchin Sunshine 100 Ml X 72,8992222111218,KARTON,Tidak Ada,,,,,,,,,,,,,,,,,,,
435,Food,Lovillea,FOOLOVILLEA-435,Lovillea Happy Hype Parfum Body Mist Chillin Sunday 100 Ml X 72,8992222111225,KARTON,Tidak Ada,,,,,,,,,,,,,,,,,,,
436,Food,Lovillea,FOOLOVILLEA-436,Lovillea Happy Hype Parfum Body Mist Poppin Party 100 Ml X 72,8992222111232,KARTON,Tidak Ada,,,,,,,,,,,,,,,,,,,
437,Food,Lovillea,FOOLOVILLEA-437,Lovillea Hijab Mood Eau De Parfum Joyful Berry 100Mlx24,8992222111188,KARTON,Tidak Ada,,,,,,,,,,,,,,,,,,,
438,Food,Lovillea,FOOLOVILLEA-438,Lovillea Lippy Balm Blushy Red 10 Gr X 48,8992222111287,KARTON,Tidak Ada,,,,,,,,,,,,,,,,,,,
439,Food,Lovillea,FOOLOVILLEA-439,Lovillea Lippy Balm Pure Natural 10 Gr X 48,8992222111300,KARTON,Tidak Ada,,,,,,,,,,,,,,,,,,,
440,Food,Lovillea,FOOLOVILLEA-440,Lovillea Lippy Balm Rose Pink 10 Gr X 48,8992222111270,KARTON,Tidak Ada,,,,,,,,,,,,,,,,,,,
441,Food,Lovillea,FOOLOVILLEA-441,Lovillea Lippy Balm Sunny Coral 10 Gr X 48,8992222111294,KARTON,Tidak Ada,,,,,,,,,,,,,,,,,,,
442,Food,Lovillea,FOOLOVILLEA-442,Lovillea Love Language Eau De Parfum Precious Gift 100 Ml X 4 X12,8992222111409,KARTON,Tidak Ada,,,,,,,,,,,,,,,,,,,
443,Food,Lovillea,FOOLOVILLEA-443,Lovillea Love Language Eau De Parfum Sincere Attention 100 Ml X 4 X12,8992222111416,KARTON,Tidak Ada,,,,,,,,,,,,,,,,,,,
444,Food,Lovillea,FOOLOVILLEA-444,Lovillea Love Language Eau De Parfum Special Moment 100 Ml X 4 X12,8992222111393,KARTON,Tidak Ada,,,,,,,,,,,,,,,,,,,
445,Food,Lovillea,FOOLOVILLEA-445,Lovillea Love Language Eau De Parfum Sweet Talk 100 Ml X 4 X12,8992222111386,KARTON,Tidak Ada,,,,,,,,,,,,,,,,,,,
446,Food,Lovillea,FOOLOVILLEA-446,Lovillea Love Language Eau De Parfum Warm Hug 100 Ml X 4 X12,8992222111423,KARTON,Tidak Ada,,,,,,,,,,,,,,,,,,,
447,Food,Lovillea,FOOLOVILLEA-447,Lovillea Parfum Body Mist Freshy Park 100Ml X 6 X 12,8992222011372,KARTON,Tidak Ada,,,,,,,,,,,,,,,,,,,
448,Food,Lovillea,FOOLOVILLEA-448,Lovillea Parfum Body Mist Fruity Movie 100Ml X 6 X 12,8992222011358,KARTON,Tidak Ada,,,,,,,,,,,,,,,,,,,
449,Food,Lovillea,FOOLOVILLEA-449,Lovillea Parfum Body Mist Vanilla Caf 100Ml X 6 X 12,,KARTON,Tidak Ada,,,,,,,,,,,,,,,,,,,
450,Food,Lovillea,FOOLOVILLEA-450,Lovillea Parfum Body Mist Vanilla Café 100Ml X 6 X 12,8992222011365,KARTON,Tidak Ada,,,,,,,,,,,,,,,,,,,
451,Food,Lucido-L,FOOLUCIDO-L-451,Lucido-L Serum Boost Hair Fragrance Floral Cascade 100 Ml X 4 X 12,8992222320221,KARTON,Tidak Ada,,,,,,,,,,,,,,,,,,,
452,Food,Lucido-L,FOOLUCIDO-L-452,Lucido-L Serum Boost Hair Fragrance Frosty Flower 100 Ml X 4 X 12,8992222320207,KARTON,Tidak Ada,,,,,,,,,,,,,,,,,,,
453,Food,Lucido-L,FOOLUCIDO-L-453,Lucido-L Serum Boost Hair Fragrance Twilight Bloom 100 Ml X 4 X 12,8992222320214,KARTON,Tidak Ada,,,,,,,,,,,,,,,,,,,
454,Food,Lucido-L,FOOLUCIDO-L-454,Lucido-L Serum Boost Hair Oil Keratin 50 Ml X 2 X 12,8992222320191,KARTON,Tidak Ada,,,,,,,,,,,,,,,,,,,
455,Food,Lux,FOOLUX-455,Lux Bodywash Pink Soft Kiss 36X100Ml,8999999036492,KARTON,Tidak Ada,,,,,,,,,,,,,,,,,,,
456,Food,M.Kids,FOOM.KIDS-456,M.Kids Spr Batman Btl 36X80+20Ml,,KARTON,Tidak Ada,,,,,,,,,,,,,,,,,,,
457,Food,M.Kids,FOOM.KIDS-457,M.Kids Spr Ben10 Btl 36X80+20Ml,,KARTON,Tidak Ada,,,,,,,,,,,,,,,,,,,
458,Food,M.Kids,FOOM.KIDS-458,M.Kids Spr C.America Btl 36X80+20Ml,,KARTON,Tidak Ada,,,,,,,,,,,,,,,,,,,
459,Food,M.Kids,FOOM.KIDS-459,M.Kids Spr Spiderman Btl 36X80+20Ml,,KARTON,Tidak Ada,,,,,,,,,,,,,,,,,,,
460,Food,M.Kids,FOOM.KIDS-460,M.Kids Spr Superman Btl 36X80+20Ml,,KARTON,Tidak Ada,,,,,,,,,,,,,,,,,,,
461,Home Care,Mama,HOMMAMA-461,Mama Lemon Dishwashing Liquid Jeruk Nipis 750Mlx12,8998866105170,KARTON,Tidak Ada,,,,,,,,,,,,,,,,,,,
462,Home Care,Mama,HOMMAMA-462,Mama Lemon Ekstrak Jeruk Nipis 680Ml,8998866105156,KARTON,Tidak Ada,,,,,,,,,,,,,,,,,,,
463,Home Care,Mama,HOMMAMA-463,Mama Lemon Pouch 680Mlx12,8998866100700,KARTON,Tidak Ada,,,,,,,,,,,,,,,,,,,
464,Home Care,Mama,HOMMAMA-464,Mama Lime Charcoal Pouch 680 Ml X 12,8998866107914,KARTON,Tidak Ada,,,,,,,,,,,,,,,,,,,
465,Home Care,Mama,HOMMAMA-465,Mama Lime Pouch 680Ml X12,8998866100717,KARTON,Tidak Ada,,,,,,,,,,,,,,,,,,,
466,Home Care,Mama,HOMMAMA-466,Mama Lime Pouch 680Mlx12,8998866106160,KARTON,Tidak Ada,,,,,,,,,,,,,,,,,,,
467,Home Care,Mamalime,HOMMAMALIME-467,Mamalime 750Ml X 12,8998866183185,KARTON,Tidak Ada,,,,,,,,,,,,,,,,,,,
468,Food,Maxicorn,FOOMAXICORN-468,Maxicorn Snack Barbeque 140Gr,89686729030,KARTON,Tidak Ada,,,,,,,,,,,,,,,,,,,
469,Food,Maxicorn,FOOMAXICORN-469,Maxicorn Snack Nacho Cheese 140Gr,89686729047,KARTON,Tidak Ada,,,,,,,,,,,,,,,,,,,
470,Food,Maxicorn,FOOMAXICORN-470,Maxicorn Snack Roasted Corn 140Gr,89686729023,KARTON,Tidak Ada,,,,,,,,,,,,,,,,,,,
471,Food,Maya,FOOMAYA-471,Maya Sardines Chili Besar 425Gr,,KARTON,Tidak Ada,,,,,,,,,,,,,,,,,,,
472,Food,Maya,FOOMAYA-472,Maya Sardines Chili Kecil 155Gr,,KARTON,Tidak Ada,,,,,,,,,,,,,,,,,,,
473,Food,Maya,FOOMAYA-473,Maya Sardines Tomat Besar 425Gr,,KARTON,Tidak Ada,,,,,,,,,,,,,,,,,,,
474,Food,Maya,FOOMAYA-474,Maya Sardines Tomat Kecil 155Gr,,KARTON,Tidak Ada,,,,,,,,,,,,,,,,,,,
475,Personal Care,Medicare,PERMEDICARE-475,Medicare Barsoap Anti Bacteri 90Gr (Blue),8993379121211,KARTON,Tidak Ada,,,,,,,,,,,,,,,,,,,
476,Personal Care,Medicare,PERMEDICARE-476,Medicare Barsoap Fresh 90Gr (Red),8993379121204,KARTON,Tidak Ada,,,,,,,,,,,,,,,,,,,
477,Personal Care,Medicare,PERMEDICARE-477,Medicare Barsoap Powerful 90Gr (Black),8993379260026,KARTON,Tidak Ada,,,,,,,,,,,,,,,,,,,
478,Personal Care,Medicare,PERMEDICARE-478,Medicare Barsoap Refresh 90Gr,8993379260798,KARTON,Tidak Ada,,,,,,,,,,,,,,,,,,,
479,Food,Mentos,FOOMENTOS-479,Mentos Grape Roll 37Gr,,KARTON,Tidak Ada,,,,,,,,,,,,,,,,,,,
480,Food,Mentos,FOOMENTOS-480,Mentos Mint Roll 37Gr,,KARTON,Tidak Ada,,,,,,,,,,,,,,,,,,,
481,Food,Mentos,FOOMENTOS-481,Mentos Rainbow Roll 37Gr,,KARTON,Tidak Ada,,,,,,,,,,,,,,,,,,,
482,Food,Mentos,FOOMENTOS-482,Mentos Roll Feeling Berry Good 8X24X37G,8990800025711,KARTON,Tidak Ada,,,,,,,,,,,,,,,,,,,
483,Food,Mie,FOOMIE-483,Mie Sedaap Ayam Bawang Bag 5,8998866200216,KARTON,Tidak Ada,,,,,,,,,,,,,,,,,,,
484,Food,Mie,FOOMIE-484,Mie Sedaap Cup Goreng 12X81Gr,8998866200813,KARTON,Tidak Ada,,,,,,,,,,,,,,,,,,,
485,Food,Mie,FOOMIE-485,Mie Sedaap Hakata Chicken 60Pc X 88Gr,,KARTON,Tidak Ada,,,,,,,,,,,,,,,,,,,
486,Food,Milo,FOOMILO-486,Milo Actigen E Uht180Ml,8992696523067,KARTON,Tidak Ada,,,,,,,,,,,,,,,,,,,
487,Food,Milo,FOOMILO-487,Milo Active Original Go 220Ml,9556001051509,KARTON,Tidak Ada,,,,,,,,,,,,,,,,,,,
488,Food,Milo,FOOMILO-488,Milo Cube Pouch 20X25X2.7Gr,8992696527591,KARTON,Tidak Ada,,,,,,,,,,,,,,,,,,,
489,Beverage,Milo,BEVMILO-489,Milo Uht Milk 36X110Ml,,KARTON,Tidak Ada,,,,,,,,,,,,,,,,,,,
490,Food,Minyak,FOOMINYAK-490,Minyak Goreng Bimoli 2L,,KARTON,Tidak Ada,,,,,,,,,,,,,,,,,,,
491,Food,Minyak,FOOMINYAK-491,Minyak Goreng Bimoli 5L,8992008300052,KARTON,Tidak Ada,,,,,,,,,,,,,,,,,,,
492,Food,Minyak,FOOMINYAK-492,Minyak Goreng Sania 2L,,KARTON,Tidak Ada,,,,,,,,,,,,,,,,,,,
493,Food,Minyak,FOOMINYAK-493,Minyak Goreng Sunco 2L,,KARTON,Tidak Ada,,,,,,,,,,,,,,,,,,,
494,Food,Neo,FOONEO-494,Neo Coffee Carramel Machiato (Bag) 20X9Sx20Gr,8998866202008,KARTON,Tidak Ada,,,,,,,,,,,,,,,,,,,
495,Food,Neo,FOONEO-495,Neo Coffee Moccachino (Bag) 20X9Sx20Gr,8998866201988,KARTON,Tidak Ada,,,,,,,,,,,,,,,,,,,
496,Food,Neo,FOONEO-496,Neo Coffee Tiramisu 3In1 20X9Sx20Gr,8998866202022,KARTON,Tidak Ada,,,,,,,,,,,,,,,,,,,
497,Food,Nescafe,FOONESCAFE-497,Nescafe 3 In 1 Original 525Gr,8992696427587,KARTON,Tidak Ada,,,,,,,,,,,,,,,,,,,
498,Beverage,Nescafe,BEVNESCAFE-498,Nescafe Coffee Ready To Drink Black 220Ml,9556001295248,KARTON,Tidak Ada,,,,,,,,,,,,,,,,,,,
499,Beverage,Nescafe,BEVNESCAFE-499,Nescafe Coffee Ready To Drink Cappuccino 220Ml,9556001288547,KARTON,Tidak Ada,,,,,,,,,,,,,,,,,,,
500,Beverage,Nescafe,BEVNESCAFE-500,Nescafe Coffee Ready To Drink Caramel Macchiato 220Ml,9556001288561,KARTON,Tidak Ada,,,,,,,,,,,,,,,,,,,
501,Beverage,Nescafe,BEVNESCAFE-501,Nescafe Coffee Ready To Drink Latte 220Ml,9556001288592,KARTON,Tidak Ada,,,,,,,,,,,,,,,,,,,
502,Beverage,Nescafe,BEVNESCAFE-502,Nescafe Kit Kat Drink Latte 220Ml,8992696529403,KARTON,Tidak Ada,,,,,,,,,,,,,,,,,,,
503,Beverage,Nescafe,BEVNESCAFE-503,Nescafe Kopi Classic 10X(60X2Gr),8992696419162,KARTON,Tidak Ada,,,,,,,,,,,,,,,,,,,
504,Food,Nestle,FOONESTLE-504,Nestle Combo Pack Honey 32Gr,,KARTON,Tidak Ada,,,,,,,,,,,,,,,,,,,
506,Food,Nestle,FOONESTLE-506,Nestle Combo Pack Koko Crunch,6102025,KARTON,Tidak Ada,,,,,,,,,,,,,,,,,,,
507,Food,Nestle,FOONESTLE-507,Nestle Combo Pack Koko Krunch 32Gr,,KARTON,Tidak Ada,,,,,,,,,,,,,,,,,,,
509,Food,Nissin,FOONISSIN-509,Nissin Butter Coconut Biscuits,8888166991484,KARTON,Tidak Ada,,,,,,,,,,,,,,,,,,,
510,Food,Nu,FOONU-510,Nu Green Tea Honey 450Ml,,KARTON,Tidak Ada,,,,,,,,,,,,,,,,,,,
511,Food,Nu,FOONU-511,Nu Green Tea Royal Jasmine 450Ml,,KARTON,Tidak Ada,,,,,,,,,,,,,,,,,,,
512,Food,Oatside,FOOOATSIDE-512,Oatside Barista Blend 1000Ml,8997240600010,KARTON,Tidak Ada,,,,,,,,,,,,,,,,,,,
514,Beverage,Oatside,BEVOATSIDE-514,Oatside Milk Chocolate Straw 200Ml,8997240600409,KARTON,Tidak Ada,,,,,,,,,,,,,,,,,,,
515,Beverage,Oatside,BEVOATSIDE-515,Oatside Milk Plain Barista Straw 200Ml,8997240600393,KARTON,Tidak Ada,,,,,,,,,,,,,,,,,,,
516,Beverage,Oatside,BEVOATSIDE-516,Oatside Oat Milk Barista Blend Caps,8997240600256,KARTON,Tidak Ada,,,,,,,,,,,,,,,,,,,
517,Beverage,Oatside,BEVOATSIDE-517,Oatside Oat Milk Chocolate Caps,8997240600263,KARTON,Tidak Ada,,,,,,,,,,,,,,,,,,,
518,Beverage,Oatside,BEVOATSIDE-518,Oatside Oat Milk Coffee Caps,8997240600348,KARTON,Tidak Ada,,,,,,,,,,,,,,,,,,,
519,Food,Oreo,FOOOREO-519,Oreo Dark & White Chocolate ,7622210708434,KARTON,Tidak Ada,,,,,,,,,,,,,,,,,,,
520,Food,Oreo,FOOOREO-520,Oreo Peanut Butter 110.4Gr,8992760121090,KARTON,Tidak Ada,,,,,,,,,,,,,,,,,,,
523,Food,Oreo,FOOOREO-523,Oreo Sandwich Strawberry 110.4Gr,7622300136055,KARTON,Tidak Ada,,,,,,,,,,,,,,,,,,,
524,Food,Oreo,FOOOREO-524,Oreo Sandwich Vanila Cream 110.4Gr,8992760221028,KARTON,Tidak Ada,,,,,,,,,,,,,,,,,,,
525,Food,Ovale,FOOOVALE-525,Ovale Fac Lot Anti Acne Btl 36X200Ml,,KARTON,Tidak Ada,,,,,,,,,,,,,,,,,,,
526,Food,Ovale,FOOOVALE-526,Ovale Fac Lot P.Lumi Yambean 100Ml Btl,,KARTON,Tidak Ada,,,,,,,,,,,,,,,,,,,
527,Food,Ovale,FOOOVALE-527,Ovale Fac Lot P.Lumi Yambean 200Ml Btl,,KARTON,Tidak Ada,,,,,,,,,,,,,,,,,,,
528,Food,Palmia,FOOPALMIA-528,Palmia Margarine 200Gr,8992008301011,KARTON,Tidak Ada,,,,,,,,,,,,,,,,,,,
529,Food,Pantene,FOOPANTENE-529,Pantene Conditioner Rambut ,4902430759229,KARTON,Tidak Ada,,,,,,,,,,,,,,,,,,,
530,Food,Pantene,FOOPANTENE-530,Pantene Conditioner Rambut Rontok (Pink),4987176274007,KARTON,Tidak Ada,,,,,,,,,,,,,,,,,,,
531,Personal Care,Pantene,PERPANTENE-531,Pantene Shampoo Anti Dandruff (Biru Tua),4902430563864,KARTON,Tidak Ada,,,,,,,,,,,,,,,,,,,
532,Personal Care,Pantene,PERPANTENE-532,Pantene Shampoo Halus & ,4902430563895,KARTON,Tidak Ada,,,,,,,,,,,,,,,,,,,
533,Personal Care,Pantene,PERPANTENE-533,Pantene Shampoo Hitam & Panjang (Hitam),4902430563888,KARTON,Tidak Ada,,,,,,,,,,,,,,,,,,,
534,Personal Care,Pantene,PERPANTENE-534,Pantene Shampoo Perawatan Rambut Rontok (Merah),4902430563871,KARTON,Tidak Ada,,,,,,,,,,,,,,,,,,,
535,Personal Care,Pantene,PERPANTENE-535,Pantene Shampoo Rambut Kering (Gold),4902430563925,KARTON,Tidak Ada,,,,,,,,,,,,,,,,,,,
536,Personal Care,Pantene,PERPANTENE-536,Pantene Shampoo Rambut Rusak (Biru Tua),4902430563901,KARTON,Tidak Ada,,,,,,,,,,,,,,,,,,,
537,Food,Pepsodent,FOOPEPSODENT-537,Pepsodent 190Gr,8999999028701,KARTON,Tidak Ada,,,,,,,,,,,,,,,,,,,
538,Food,Pepsodent,FOOPEPSODENT-538,Pepsodent Kids Strawbery 50Gr,8999999534042,KARTON,Tidak Ada,,,,,,,,,,,,,,,,,,,
539,Food,Pepsodent,FOOPEPSODENT-539,Pepsodent Tb Travel Kit Prm 48X(1Pc+25G),8999999547455,KARTON,Tidak Ada,,,,,,,,,,,,,,,,,,,
541,Food,Pop,FOOPOP-541,Pop Mie Cup Dower 75Gr,89686067002,KARTON,Tidak Ada,,,,,,,,,,,,,,,,,,,
542,Food,Pop,FOOPOP-542,Pop Mie Korean Ramyeon Fiery Chikin 75Gr,89686060287,KARTON,Tidak Ada,,,,,,,,,,,,,,,,,,,
543,Food,Pop,FOOPOP-543,Pop Mie Mi Instan Cup - Pedes Gledeek 75Gr,89686060102,KARTON,Tidak Ada,,,,,,,,,,,,,,,,,,,
544,Food,Pop,FOOPOP-544,Pop Mie Rasa Ayam Bawang New Cup 75Gr,,KARTON,Tidak Ada,,,,,,,,,,,,,,,,,,,
545,Food,Pop,FOOPOP-545,Pop Mie Rasa Ayam New Cup 75Gr,89686060027,KARTON,Tidak Ada,,,,,,,,,,,,,,,,,,,
546,Food,Pop,FOOPOP-546,Pop Mie Rasa Baso New Cup 75Gr,89686060126,KARTON,Tidak Ada,,,,,,,,,,,,,,,,,,,
547,Food,Pop,FOOPOP-547,Pop Mie Rasa Kari Ayam 75Gr,89686060461,KARTON,Tidak Ada,,,,,,,,,,,,,,,,,,,
548,Food,Pop,FOOPOP-548,Pop Mie Rasa Soto Ayam 75Gr,89686060362,KARTON,Tidak Ada,,,,,,,,,,,,,,,,,,,
549,Food,Pop,FOOPOP-549,Pop Spageti Instant Bolognese 40X84Gr,89686945003,KARTON,Tidak Ada,,,,,,,,,,,,,,,,,,,
550,Food,Pop,FOOPOP-550,Pop Spageti Instant Carbonara 40X84Gr,89686945010,KARTON,Tidak Ada,,,,,,,,,,,,,,,,,,,
551,Food,Pucelle,FOOPUCELLE-551,Pucelle De Luxe Body Spray Azure 150 Ml X 48,,KARTON,Tidak Ada,,,,,,,,,,,,,,,,,,,
552,Food,Pucelle,FOOPUCELLE-552,Pucelle De Luxe Body Spray Dainity 150 Ml X 48,,KARTON,Tidak Ada,,,,,,,,,,,,,,,,,,,
553,Food,Pucelle,FOOPUCELLE-553,Pucelle De Luxe Body Spray Finesse 150 Ml X 48,,KARTON,Tidak Ada,,,,,,,,,,,,,,,,,,,
554,Food,Pucelle,FOOPUCELLE-554,Pucelle De Luxe Body Spray Glitzy 150 Ml X 48,,KARTON,Tidak Ada,,,,,,,,,,,,,,,,,,,
555,Food,Pucelle,FOOPUCELLE-555,Pucelle De Luxe Body Spray Victress 150 Ml X 48,,KARTON,Tidak Ada,,,,,,,,,,,,,,,,,,,
556,Food,Pucelle,FOOPUCELLE-556,Pucelle Eau De Luxe Eau De Toilette Azure 100 Ml X 24,,KARTON,Tidak Ada,,,,,,,,,,,,,,,,,,,
557,Food,Pucelle,FOOPUCELLE-557,Pucelle Eau De Luxe Eau De Toilette Dainity 100 Ml X 24,,KARTON,Tidak Ada,,,,,,,,,,,,,,,,,,,
558,Food,Pucelle,FOOPUCELLE-558,Pucelle Eau De Luxe Eau De Toilette Dubai Elegance 100 Ml X 24,8992222093293,KARTON,Tidak Ada,,,,,,,,,,,,,,,,,,,
559,Food,Pucelle,FOOPUCELLE-559,Pucelle Eau De Luxe Eau De Toilette Finesse 100 Ml X 24,,KARTON,Tidak Ada,,,,,,,,,,,,,,,,,,,
560,Food,Pucelle,FOOPUCELLE-560,Pucelle Eau De Luxe Eau De Toilette Glitzy 100 Ml X 24,,KARTON,Tidak Ada,,,,,,,,,,,,,,,,,,,
561,Food,Pucelle,FOOPUCELLE-561,Pucelle Eau De Luxe Eau De Toilette London Serenade 100 Ml X 24,8992222093262,KARTON,Tidak Ada,,,,,,,,,,,,,,,,,,,
562,Food,Pucelle,FOOPUCELLE-562,Pucelle Eau De Luxe Eau De Toilette Lucent 100 Ml X 24,,KARTON,Tidak Ada,,,,,,,,,,,,,,,,,,,
563,Food,Pucelle,FOOPUCELLE-563,Pucelle Eau De Luxe Eau De Toilette New York Midnight 100 Ml X 24,8992222093248,KARTON,Tidak Ada,,,,,,,,,,,,,,,,,,,
564,Food,Pucelle,FOOPUCELLE-564,Pucelle Eau De Luxe Eau De Toilette Paris Romantic 100 Ml X 24,8992222093255,KARTON,Tidak Ada,,,,,,,,,,,,,,,,,,,
565,Food,Pucelle,FOOPUCELLE-565,Pucelle Eau De Luxe Eau De Toilette Seoul Rhythm 100 Ml X 24,8992222093286,KARTON,Tidak Ada,,,,,,,,,,,,,,,,,,,
566,Food,Pucelle,FOOPUCELLE-566,Pucelle Eau De Luxe Eau De Toilette Tokyo Delight 100 Ml X 24,8992222093279,KARTON,Tidak Ada,,,,,,,,,,,,,,,,,,,
567,Food,Pucelle,FOOPUCELLE-567,Pucelle Eau De Luxe Eau De Toilette Victress 100 Ml X 24,,KARTON,Tidak Ada,,,,,,,,,,,,,,,,,,,
568,Food,Pucelle,FOOPUCELLE-568,Pucelle Eau De Luxe Parfum The Alpha 50 Ml X 48,8992222093217,KARTON,Tidak Ada,,,,,,,,,,,,,,,,,,,
569,Food,Pucelle,FOOPUCELLE-569,Pucelle Eau De Luxe Parfum The Beta 50 Ml X 48,8992222093224,KARTON,Tidak Ada,,,,,,,,,,,,,,,,,,,
570,Food,Pucelle,FOOPUCELLE-570,Pucelle Eau De Luxe Parfum The Dazzler 50 Ml X 48,8992222093200,KARTON,Tidak Ada,,,,,,,,,,,,,,,,,,,
571,Food,Pucelle,FOOPUCELLE-571,Pucelle Eau De Luxe Parfum The Goddess 50 Ml X 48,8992222093194,KARTON,Tidak Ada,,,,,,,,,,,,,,,,,,,
572,Food,Pucelle,FOOPUCELLE-572,Pucelle Eau De Luxe Parfum The Sigma 50 Ml X 48,8992222093231,KARTON,Tidak Ada,,,,,,,,,,,,,,,,,,,
573,Food,Pucelle,FOOPUCELLE-573,Pucelle Eau De Luxe Parfum The Stunner 50 Ml X 48,8992222093187,KARTON,Tidak Ada,,,,,,,,,,,,,,,,,,,
574,Food,Pucelle,FOOPUCELLE-574,Pucelle Mist Cologne Beautiful Vibes 72Pcsx75Ml,8992222092906,KARTON,Tidak Ada,,,,,,,,,,,,,,,,,,,
575,Food,Pucelle,FOOPUCELLE-575,Pucelle Mist Cologne Blooming Blossom 72Pcsx75Ml,8992222092920,KARTON,Tidak Ada,,,,,,,,,,,,,,,,,,,
576,Food,Pucelle,FOOPUCELLE-576,Pucelle Mist Cologne Perpect Getaway 72Pcsx75Ml,8992222092944,KARTON,Tidak Ada,,,,,,,,,,,,,,,,,,,
577,Food,Pucelle,FOOPUCELLE-577,Pucelle Mist Cologne-Jolly Rhythm (Purple) 72Pcsx75Ml,8992222091961,KARTON,Tidak Ada,,,,,,,,,,,,,,,,,,,
578,Food,Pucelle,FOOPUCELLE-578,Pucelle Mist Cologne-Sparkling Love (Pink) 48Pcsx150Ml,8992222091510,KARTON,Tidak Ada,,,,,,,,,,,,,,,,,,,
579,Food,Pucelle,FOOPUCELLE-579,Pucelle Mist Cologne-Sparkling Love (Pink) 72Pcsx75Ml,8992222091923,KARTON,Tidak Ada,,,,,,,,,,,,,,,,,,,
580,Food,Pucelle,FOOPUCELLE-580,Pucelle Mist Cologne-Wavy Ocean (Blue) 48Pcsx150Ml,8992222091534,KARTON,Tidak Ada,,,,,,,,,,,,,,,,,,,
581,Food,Pucelle,FOOPUCELLE-581,Pucelle Mist Cologne-Wavy Ocean (Blue) 72Pcsx75Ml,8992222091947,KARTON,Tidak Ada,,,,,,,,,,,,,,,,,,,
582,Food,Qtela,FOOQTELA-582,Qtela Balado 175Gr,,KARTON,Tidak Ada,,,,,,,,,,,,,,,,,,,
583,Food,Qtela,FOOQTELA-583,Qtela Balado 60Gr,89686611670,KARTON,Tidak Ada,,,,,,,,,,,,,,,,,,,
584,Food,Qtela,FOOQTELA-584,Qtela Bbq 60Gr,89686611618,KARTON,Tidak Ada,,,,,,,,,,,,,,,,,,,
585,Food,Qtela,FOOQTELA-585,Qtela Ori 175Gr,,KARTON,Tidak Ada,,,,,,,,,,,,,,,,,,,
586,Food,Qtela,FOOQTELA-586,Qtela Original 60Gr,89686611519,KARTON,Tidak Ada,,,,,,,,,,,,,,,,,,,
587,Food,Qtlea,FOOQTLEA-587,Qtlea Bbq 175Gr,,KARTON,Tidak Ada,,,,,,,,,,,,,,,,,,,
588,Food,Rejoice,FOOREJOICE-588,Rejoice 3In1 Korean,4987176133885,KARTON,Tidak Ada,,,,,,,,,,,,,,,,,,,
589,Food,Rejoice,FOOREJOICE-589,Rejoice Conditioner Rich,4902430699761,KARTON,Tidak Ada,,,,,,,,,,,,,,,,,,,
590,Food,Rejoice,FOOREJOICE-590,Rejoice Hijab Anti Dandruff,4902430753333,KARTON,Tidak Ada,,,,,,,,,,,,,,,,,,,
591,Food,Rejoice,FOOREJOICE-591,Rejoice Rich (Orange),4902430697941,KARTON,Tidak Ada,,,,,,,,,,,,,,,,,,,
592,Food,Rejoiche,FOOREJOICHE-592,Rejoiche 3In1 Hijab,,KARTON,Tidak Ada,,,,,,,,,,,,,,,,,,,
593,Food,Resik,FOORESIK-593,Resik V Godokan Sirih Btl 36X100Ml,,KARTON,Tidak Ada,,,,,,,,,,,,,,,,,,,
594,Food,Resik,FOORESIK-594,Resik V Mjk Btl 36X200Ml,,KARTON,Tidak Ada,,,,,,,,,,,,,,,,,,,
595,Food,Resik,FOORESIK-595,Resik V Mjk Btl 36X90Ml,,KARTON,Tidak Ada,,,,,,,,,,,,,,,,,,,
596,Food,Resik,FOORESIK-596,Resik V Mjk Whitening Btl 36X90Ml,,KARTON,Tidak Ada,,,,,,,,,,,,,,,,,,,
597,Food,Rexona,FOOREXONA-597,Rexona Roll On Teen Dreamy Bright 40Mlx24,8999999534660,KARTON,Tidak Ada,,,,,,,,,,,,,,,,,,,
598,Food,Rexona,FOOREXONA-598,Rexona Roll On Teen Glowing 40Mlx24,8999999534677,KARTON,Tidak Ada,,,,,,,,,,,,,,,,,,,
599,Home Care,Rinso,HOMRINSO-599,Rinso Detergent Classic Fresh 700Gr,,KARTON,Tidak Ada,,,,,,,,,,,,,,,,,,,
600,Food,Rinso,FOORINSO-600,Rinso Molto Perfume 700Gr,,KARTON,Tidak Ada,,,,,,,,,,,,,,,,,,,
601,Food,Royco,FOOROYCO-601,Royco Ayam 220Gr,8999999516208,KARTON,Tidak Ada,,,,,,,,,,,,,,,,,,,
602,Food,Royco,FOOROYCO-602,Royco Ayam 94Gr,8999999192150,KARTON,Tidak Ada,,,,,,,,,,,,,,,,,,,
603,Food,Royco,FOOROYCO-603,Royco Sapi 220Gr,8999999516215,KARTON,Tidak Ada,,,,,,,,,,,,,,,,,,,
604,Food,Royco,FOOROYCO-604,Royco Sapi 94Gr,8999999192198,KARTON,Tidak Ada,,,,,,,,,,,,,,,,,,,
605,Food,Salonpas,FOOSALONPAS-605,Salonpas Koyo Hot Pereda Nyeri 5X2,8992870310117,KARTON,Tidak Ada,,,,,,,,,,,,,,,,,,,
606,Food,Salonpas,FOOSALONPAS-606,Salonpas Koyo Pereda Nyeri 5X2,8992870310100,KARTON,Tidak Ada,,,,,,,,,,,,,,,,,,,
607,Food,Sarden,FOOSARDEN-607,Sarden Abc 425G,,KARTON,Tidak Ada,,,,,,,,,,,,,,,,,,,
608,Beverage,Sariwangi,BEVSARIWANGI-608,Sariwangi Tea Asli 48 X 25S X 1.85Gr,8999999195649,KARTON,Tidak Ada,,,,,,,,,,,,,,,,,,,
609,Food,Sasa,FOOSASA-609,Sasa Msg 1Kg,,KARTON,Tidak Ada,,,,,,,,,,,,,,,,,,,
610,Food,Sedaap,FOOSEDAAP-610,Sedaap Mie Ayam Bawang 86Gr,8998866200318,KARTON,Tidak Ada,,,,,,,,,,,,,,,,,,,
611,Food,Sedaap,FOOSEDAAP-611,Sedaap Mie Ayam Spesial 86Gr,8998866200509,KARTON,Tidak Ada,,,,,,,,,,,,,,,,,,,
612,Food,Sedaap,FOOSEDAAP-612,Sedaap Mie Baso Spesial 83Gr,8998866200929,KARTON,Tidak Ada,,,,,,,,,,,,,,,,,,,
613,Food,Sedaap,FOOSEDAAP-613,Sedaap Mie Goreng 90Gr,8998866200301,KARTON,Tidak Ada,,,,,,,,,,,,,,,,,,,
614,Food,Sedaap,FOOSEDAAP-614,Sedaap Mie Goreng Isi 5 Bag 90Gr 8 X 5 X 90 Gr,8998866202114,KARTON,Tidak Ada,,,,,,,,,,,,,,,,,,,
615,Food,Sedaap,FOOSEDAAP-615,Sedaap Mie Kari Ayam 86Gr,8998866200332,KARTON,Tidak Ada,,,,,,,,,,,,,,,,,,,
616,Food,Sedaap,FOOSEDAAP-616,Sedaap Mie Soto 90Gr,8998866200325,KARTON,Tidak Ada,,,,,,,,,,,,,,,,,,,
617,Food,Sedaap,FOOSEDAAP-617,Sedaap Mie Soto Isi 5 5X8X75 Gr,8998866202138,KARTON,Tidak Ada,,,,,,,,,,,,,,,,,,,
618,Food,Sedaap,FOOSEDAAP-618,Sedaap Selero Padang 86Gr,8998866202770,KARTON,Tidak Ada,,,,,,,,,,,,,,,,,,,
619,Food,Sedaap,FOOSEDAAP-619,Sedaap Singapore Spice Laksa 83Gr,8998866203104,KARTON,Tidak Ada,,,,,,,,,,,,,,,,,,,
620,Personal Care,Sensodyne,PERSENSODYNE-620,Sensodyne Tooth Paste Deep Clean 100Gr,8991991594062,KARTON,Tidak Ada,,,,,,,,,,,,,,,,,,,
621,Personal Care,Sensodyne,PERSENSODYNE-621,Sensodyne Toothpaste Cool Gel 100Gr,4800318407739,KARTON,Tidak Ada,,,,,,,,,,,,,,,,,,,
622,Personal Care,Sensodyne,PERSENSODYNE-622,Sensodyne Toothpaste Fresh Mint 100Gr,8991991161332,KARTON,Tidak Ada,,,,,,,,,,,,,,,,,,,
623,Personal Care,Sensodyne,PERSENSODYNE-623,Sensodyne Toothpaste Herbal 100Gr,8992695554062,KARTON,Tidak Ada,,,,,,,,,,,,,,,,,,,
624,Food,Sensodyne,FOOSENSODYNE-624,Sensodyne Tp Repair & Protect 100Gr,8992695754066,KARTON,Tidak Ada,,,,,,,,,,,,,,,,,,,
625,Food,Sensodyne,FOOSENSODYNE-625,Sensodyne Tp Repair Whitening 100Gr,8992695764065,KARTON,Tidak Ada,,,,,,,,,,,,,,,,,,,
626,Food,Sirup,FOOSIRUP-626,Sirup Marjan Bondoun Cocopandan,,KARTON,Tidak Ada,,,,,,,,,,,,,,,,,,,
627,Food,Sirup,FOOSIRUP-627,Sirup Marjan Bondoun Melon,,KARTON,Tidak Ada,,,,,,,,,,,,,,,,,,,
628,Food,Sleek,FOOSLEEK-628,"Sleek Baby Bottle, Nipple & Accessories Cleanser Pouch",8993417229718,KARTON,Tidak Ada,,,,,,,,,,,,,,,,,,,
629,Food,Sleek,FOOSLEEK-629,"Sleek Baby Bottle, Nipple & Accessories Cleanser Pouch",8993417229817,KARTON,Tidak Ada,,,,,,,,,,,,,,,,,,,
630,Home Care,Sleek,HOMSLEEK-630,Sleek Baby Laundry Detergent Pouch,8993417227813,KARTON,Tidak Ada,,,,,,,,,,,,,,,,,,,
631,Food,Soklin,FOOSOKLIN-631,Soklin Liquid Botol Anti Bacterial 1L,8998866609005,KARTON,Tidak Ada,,,,,,,,,,,,,,,,,,,
632,Food,Soklin,FOOSOKLIN-632,Soklin Liquid Botol Perfume 1L,8998866805346,KARTON,Tidak Ada,,,,,,,,,,,,,,,,,,,
633,Food,Soklin,FOOSOKLIN-633,Soklin Liquid Botol Sakura 1L,8998866612203,KARTON,Tidak Ada,,,,,,,,,,,,,,,,,,,
634,Food,Soklin,FOOSOKLIN-634,Soklin Liquid Botol Violet 1L,8998866803656,KARTON,Tidak Ada,,,,,,,,,,,,,,,,,,,
635,Food,Soklin,FOOSOKLIN-635,Soklin Liquid Botol White Bright 1L,8998866808842,KARTON,Tidak Ada,,,,,,,,,,,,,,,,,,,
636,Food,Soklin,FOOSOKLIN-636,Soklin Liquid Soft Pink 1L,,KARTON,Tidak Ada,,,,,,,,,,,,,,,,,,,
637,Beverage,Sprite,BEVSPRITE-637,Sprite Soft Drink (12 Bottles X 250 Ml),8992761145026,KARTON,Tidak Ada,,,,,,,,,,,,,,,,,,,
638,Beverage,Sprite,BEVSPRITE-638,Sprite Soft Drink (24 Cans X 250 Ml),8992761111533,KARTON,Tidak Ada,,,,,,,,,,,,,,,,,,,
639,Food,Sprite,FOOSPRITE-639,Sprite Zero Sugar Lemon Lime (24 X 250Ml),8992761111632,KARTON,Tidak Ada,,,,,,,,,,,,,,,,,,,
640,Food,Starbucks,FOOSTARBUCKS-640,Starbucks Doubleshot Caramel Latte 220Ml,8999999719852,KARTON,Tidak Ada,,,,,,,,,,,,,,,,,,,
641,Food,Starbucks,FOOSTARBUCKS-641,Starbucks Doubleshot Espresso Caramel Latte 220Ml X 24,9556001299178,KARTON,Tidak Ada,,,,,,,,,,,,,,,,,,,
642,Food,Starbucks,FOOSTARBUCKS-642,Starbucks Doubleshot Espresso Latte 220Ml,8999999719838,KARTON,Tidak Ada,,,,,,,,,,,,,,,,,,,
643,Food,Starbucks,FOOSTARBUCKS-643,Starbucks Doubleshot Espresso Latte 220Ml X 24,9556001299154,KARTON,Tidak Ada,,,,,,,,,,,,,,,,,,,
644,Food,Sukro,FOOSUKRO-644,Sukro Oven Garlic,8995077602696,KARTON,Tidak Ada,,,,,,,,,,,,,,,,,,,
645,Food,Sukro,FOOSUKRO-645,Sukro Oven Jagung Bakar (Roasted Corn),57063999,KARTON,Tidak Ada,,,,,,,,,,,,,,,,,,,
646,Food,Sukro,FOOSUKRO-646,Sukro Oven Spicy,8995077606182,KARTON,Tidak Ada,,,,,,,,,,,,,,,,,,,
647,Food,Sukro,FOOSUKRO-647,Sukro Peanuts Barbeque 95Gr,8995077601897,KARTON,Tidak Ada,,,,,,,,,,,,,,,,,,,
648,Food,Sukro,FOOSUKRO-648,Sukro Peanuts Coconut 95Gr,8995077602788,KARTON,Tidak Ada,,,,,,,,,,,,,,,,,,,
649,Food,Sukro,FOOSUKRO-649,Sukro Peanuts Kribo 95Gr,8995077602412,KARTON,Tidak Ada,,,,,,,,,,,,,,,,,,,
650,Food,Sukro,FOOSUKRO-650,Sukro Peanuts Original 95Gr,8995077600166,KARTON,Tidak Ada,,,,,,,,,,,,,,,,,,,
651,Food,Sunlight,FOOSUNLIGHT-651,Sunlight 610Ml,8999999042974,KARTON,Tidak Ada,,,,,,,,,,,,,,,,,,,
652,Food,Sunlight,FOOSUNLIGHT-652,Sunlight Anti Bau Pouch 12X600Ml,8999999589219,KARTON,Tidak Ada,,,,,,,,,,,,,,,,,,,
653,Food,Sunlight,FOOSUNLIGHT-653,Sunlight Jeruk Nipis (Lime)Pouch 12X635Gr,8999999604264,KARTON,Tidak Ada,,,,,,,,,,,,,,,,,,,
654,Food,Sunlight,FOOSUNLIGHT-654,Sunlight Liquid Lime Pouch 210Ml,8999999059781,KARTON,Tidak Ada,,,,,,,,,,,,,,,,,,,
655,Food,Tancho,FOOTANCHO-655,Tancho Hair Dye 48X80Gr,8992222010238,KARTON,Tidak Ada,,,,,,,,,,,,,,,,,,,
656,Food,Tancho,FOOTANCHO-656,Tancho Hair Dye S 40Grx48,8992222010221,KARTON,Tidak Ada,,,,,,,,,,,,,,,,,,,
657,Beverage,Teh,BEVTEH-657,Teh Botol Sosro Original 24X450Ml,8996006855145,KARTON,Tidak Ada,,,,,,,,,,,,,,,,,,,
658,Beverage,Teh,BEVTEH-658,Teh Kotak 300Ml,8998009040020,KARTON,Tidak Ada,,,,,,,,,,,,,,,,,,,
659,Beverage,Teh,BEVTEH-659,Teh Pucuk 500Ml,,KARTON,Tidak Ada,,,,,,,,,,,,,,,,,,,
660,Food,Top,FOOTOP-660,Top - Mokachinno Double Shot 20 X 198Gr,8996001603061,KARTON,Tidak Ada,,,,,,,,,,,,,,,,,,,
661,Food,Top,FOOTOP-661,Top Coffee Cappuccino 20Bagx6Sx25Gr,18998866809693,KARTON,Tidak Ada,,,,,,,,,,,,,,,,,,,
662,Beverage,Ultra,BEVULTRA-662,Ultra Milk Plain 1000Ml,8998009010613,KARTON,Tidak Ada,,,,,,,,,,,,,,,,,,,
663,Beverage,Ultra,BEVULTRA-663,Ultra Milk Uht Caramel 200Ml,8998009011740,KARTON,Tidak Ada,,,,,,,,,,,,,,,,,,,
664,Beverage,Ultra,BEVULTRA-664,Ultra Milk Uht Chocolate 200Ml,8998009010569,KARTON,Tidak Ada,,,,,,,,,,,,,,,,,,,
665,Beverage,Ultra,BEVULTRA-665,Ultra Milk Uht Strawberry 200Ml,8998009010576,KARTON,Tidak Ada,,,,,,,,,,,,,,,,,,,
666,Beverage,Ultra,BEVULTRA-666,Ultra Milk Uht Taro 200Ml,8998009011702,KARTON,Tidak Ada,,,,,,,,,,,,,,,,,,,
667,Food,Vaseline,FOOVASELINE-667,Vaseline Hand Body Lotion Fresh Cool 200Mlx18,8999999533373,KARTON,Tidak Ada,,,,,,,,,,,,,,,,,,,
668,Food,Vaseline,FOOVASELINE-668,Vaseline Hb Soft Glow Vit Srm 2X6Sx180Ml,8999999559588,KARTON,Tidak Ada,,,,,,,,,,,,,,,,,,,
669,Food,Vaseline,FOOVASELINE-669,Vaseline Hbl Healthy White Perfect Ten 200Mlx18,8999999024789,KARTON,Tidak Ada,,,,,,,,,,,,,,,,,,,
670,Food,Vaseline,FOOVASELINE-670,Vaseline Healthy Bright Gluta - Hya Seum Burst Lotion Dewy Radiance For Bright And Glowing Skin,9556126670661,KARTON,Tidak Ada,,,,,,,,,,,,,,,,,,,
671,Food,Vaseline,FOOVASELINE-671,Vaseline Healthy Bright Gluta - Hya Seum Burst Lotion Flawless Bright Reduce Dark Spot For Even-Toned Skin,9556126670654,KARTON,Tidak Ada,,,,,,,,,,,,,,,,,,,
672,Food,Vaseline,FOOVASELINE-672,Vaseline Healthy White Pump 400Ml X 12,8999999719401,KARTON,Tidak Ada,,,,,,,,,,,,,,,,,,,
673,Food,Vaseline,FOOVASELINE-673,Vaseline Ic Lotion Healthy White 18X200Ml,8999999719418,KARTON,Tidak Ada,,,,,,,,,,,,,,,,,,,
674,Food,Vixal,FOOVIXAL-674,Vixal Cleaner Porselen Blue 360Ml,8999999608712,KARTON,Tidak Ada,,,,,,,,,,,,,,,,,,,
675,Food,Welmove,FOOWELMOVE-675,Welmove 5S,,KARTON,Tidak Ada,,,,,,,,,,,,,,,,,,,
676,Food,Windex,FOOWINDEX-676,Windex Freshpump 500Ml,,KARTON,Tidak Ada,,,,,,,,,,,,,,,,,,,
677,Food,Windex,FOOWINDEX-677,Windex Liquid Fresh Pump 500Ml,,KARTON,Tidak Ada,,,,,,,,,,,,,,,,,,,
678,Food,Windex,FOOWINDEX-678,Windex Liquid Lemon Pump 500Ml,,KARTON,Tidak Ada,,,,,,,,,,,,,,,,,,,
680,Food,Wow,FOOWOW-680,Wow Spaghetti Bolognese 76G,8996001526231,KARTON,Tidak Ada,,,,,,,,,,,,,,,,,,,
681,Food,Wow,FOOWOW-681,Wow Spaghetti Carbonara 80G,8996001526224,KARTON,Tidak Ada,,,,,,,,,,,,,,,,,,,
682,Food,Youc1000,FOOYOUC1000-682,Youc1000 Orange,8993351111117,KARTON,Tidak Ada,,,,,,,,,,,,,,,,,,,
683,Food,Yuri,FOOYURI-683,Yuri Porstex Blue Botol 1000Ml,18886030323001,KARTON,Tidak Ada,,,,,,,,,,,,,,,,,,,
684,Food,Zinc,FOOZINC-684,Zinc Shampo Ad Active Fresh340Ml,8998866108829,KARTON,Tidak Ada,,,,,,,,,,,,,,,,,,,
685,Food,Zinc,FOOZINC-685,Zinc Shampo Ad Hair Fall 340Ml,8998866106429,KARTON,Tidak Ada,,,,,,,,,,,,,,,,,,,
686,Food,Zinc,FOOZINC-686,Zinc Shampo Black Shine 340Ml,8998866106450,KARTON,Tidak Ada,,,,,,,,,,,,,,,,,,,
687,Food,Zinc,FOOZINC-687,Zinc Shampo Men Active Care340Ml,8998866106399,KARTON,Tidak Ada,,,,,,,,,,,,,,,,,,,
688,Food,Zinc,FOOZINC-688,Zinc Shampo Soft Care 340Ml,8998866106443,KARTON,Tidak Ada,,,,,,,,,,,,,,,,,,,
689,Personal Care,Zinc,PERZINC-689,Zinc Shampoo - Re-Refreshing Cool 340Ml,8998866106412,KARTON,Tidak Ada,,,,,,,,,,,,,,,,,,,
690,Personal Care,Zinc,PERZINC-690,Zinc Shampoo Clean Active 340Ml,8998866106436,KARTON,Tidak Ada,,,,,,,,,,,,,,,,,,,
691,Beverage,Zoda,BEVZODA-691,Zoda Groovy Air Soda 250Ml,18999510800165,KARTON,Tidak Ada,,,,,,,,,,,,,,,,,,,
,,,,,,,,,,,,,,,,,,,,,,,,,,
,,,,,,,,,,,,,,,,,,,,,,,,,,
,,,,,,,,,,,,,,,,,,,,,,,,,,
,,,,,,,,,,,,,,,,,,,,,,,,,,
,,,,,,,,,,,,,,,,,,,,,,,,,,
,,,,,,,,,,,,,,,,,,,,,,,,,,
,,,,,,,,,,,,,,,,,,,,,,,,,,
,,,,,,,,,,,,,,,,,,,,,,,,,,
,,,,,,,,,,,,,,,,,,,,,,,,,,
,,,,,,,,,,,,,,,,,,,,,,,,,,
,,,,,,,,,,,,,,,,,,,,,,,,,,
,,,,,,,,,,,,,,,,,,,,,,,,,,
,,,,,,,,,,,,,,,,,,,,,,,,,,
,,,,,,,,,,,,,,,,,,,,,,,,,,
,,,,,,,,,,,,,,,,,,,,,,,,,,
,,,,,,,,,,,,,,,,,,,,,,,,,,
,,,,,,,,,,,,,,,,,,,,,,,,,,
,,,,,,,,,,,,,,,,,,,,,,,,,,
,,,,,,,,,,,,,,,,,,,,,,,,,,
,,,,,,,,,,,,,,,,,,,,,,,,,,
,,,,,,,,,,,,,,,,,,,,,,,,,,
,,,,,,,,,,,,,,,,,,,,,,,,,,
,,,,,,,,,,,,,,,,,,,,,,,,,,
,,,,,,,,,,,,,,,,,,,,,,,,,,
,,,,,,,,,,,,,,,,,,,,,,,,,,
,,,,,,,,,,,,,,,,,,,,,,,,,,
,,,,,,,,,,,,,,,,,,,,,,,,,,
,,,,,,,,,,,,,,,,,,,,,,,,,,
,,,,,,,,,,,,,,,,,,,,,,,,,,
,,,,,,,,,,,,,,,,,,,,,,,,,,
,,,,,,,,,,,,,,,,,,,,,,,,,,
,,,,,,,,,,,,,,,,,,,,,,,,,,
,,,,,,,,,,,,,,,,,,,,,,,,,,
,,,,,,,,,,,,,,,,,,,,,,,,,,
,,,,,,,,,,,,,,,,,,,,,,,,,,
,,,,,,,,,,,,,,,,,,,,,,,,,,
,,,,,,,,,,,,,,,,,,,,,,,,,,
,,,,,,,,,,,,,,,,,,,,,,,,,,
,,,,,,,,,,,,,,,,,,,,,,,,,,
,,,,,,,,,,,,,,,,,,,,,,,,,,
,,,,,,,,,,,,,,,,,,,,,,,,,,
,,,,,,,,,,,,,,,,,,,,,,,,,,
,,,,,,,,,,,,,,,,,,,,,,,,,,
,,,,,,,,,,,,,,,,,,,,,,,,,,
,,,,,,,,,,,,,,,,,,,,,,,,,,
,,,,,,,,,,,,,,,,,,,,,,,,,,
,,,,,,,,,,,,,,,,,,,,,,,,,,
,,,,,,,,,,,,,,,,,,,,,,,,,,
,,,,,,,,,,,,,,,,,,,,,,,,,,
,,,,,,,,,,,,,,,,,,,,,,,,,,
,,,,,,,,,,,,,,,,,,,,,,,,,,
,,,,,,,,,,,,,,,,,,,,,,,,,,
,,,,,,,,,,,,,,,,,,,,,,,,,,
,,,,,,,,,,,,,,,,,,,,,,,,,,
,,,,,,,,,,,,,,,,,,,,,,,,,,
,,,,,,,,,,,,,,,,,,,,,,,,,,
,,,,,,,,,,,,,,,,,,,,,,,,,,
,,,,,,,,,,,,,,,,,,,,,,,,,,
,,,,,,,,,,,,,,,,,,,,,,,,,,
,,,,,,,,,,,,,,,,,,,,,,,,,,
,,,,,,,,,,,,,,,,,,,,,,,,,,
,,,,,,,,,,,,,,,,,,,,,,,,,,
,,,,,,,,,,,,,,,,,,,,,,,,,,
,,,,,,,,,,,,,,,,,,,,,,,,,,
,,,,,,,,,,,,,,,,,,,,,,,,,,
,,,,,,,,,,,,,,,,,,,,,,,,,,
,,,,,,,,,,,,,,,,,,,,,,,,,,
,,,,,,,,,,,,,,,,,,,,,,,,,,
,,,,,,,,,,,,,,,,,,,,,,,,,,
,,,,,,,,,,,,,,,,,,,,,,,,,,
,,,,,,,,,,,,,,,,,,,,,,,,,,
,,,,,,,,,,,,,,,,,,,,,,,,,,
,,,,,,,,,,,,,,,,,,,,,,,,,,
,,,,,,,,,,,,,,,,,,,,,,,,,,
,,,,,,,,,,,,,,,,,,,,,,,,,,
,,,,,,,,,,,,,,,,,,,,,,,,,,
,,,,,,,,,,,,,,,,,,,,,,,,,,
,,,,,,,,,,,,,,,,,,,,,,,,,,
,,,,,,,,,,,,,,,,,,,,,,,,,,
,,,,,,,,,,,,,,,,,,,,,,,,,,
,,,,,,,,,,,,,,,,,,,,,,,,,,
,,,,,,,,,,,,,,,,,,,,,,,,,,
,,,,,,,,,,,,,,,,,,,,,,,,,,
,,,,,,,,,,,,,,,,,,,,,,,,,,
,,,,,,,,,,,,,,,,,,,,,,,,,,
,,,,,,,,,,,,,,,,,,,,,,,,,,
,,,,,,,,,,,,,,,,,,,,,,,,,,
,,,,,,,,,,,,,,,,,,,,,,,,,,
,,,,,,,,,,,,,,,,,,,,,,,,,,
,,,,,,,,,,,,,,,,,,,,,,,,,,
,,,,,,,,,,,,,,,,,,,,,,,,,,
,,,,,,,,,,,,,,,,,,,,,,,,,,
,,,,,,,,,,,,,,,,,,,,,,,,,,
,,,,,,,,,,,,,,,,,,,,,,,,,,
,,,,,,,,,,,,,,,,,,,,,,,,,,
,,,,,,,,,,,,,,,,,,,,,,,,,,
,,,,,,,,,,,,,,,,,,,,,,,,,,
,,,,,,,,,,,,,,,,,,,,,,,,,,
,,,,,,,,,,,,,,,,,,,,,,,,,,
,,,,,,,,,,,,,,,,,,,,,,,,,,
,,,,,,,,,,,,,,,,,,,,,,,,,,
,,,,,,,,,,,,,,,,,,,,,,,,,,
,,,,,,,,,,,,,,,,,,,,,,,,,,
,,,,,,,,,,,,,,,,,,,,,,,,,,
,,,,,,,,,,,,,,,,,,,,,,,,,,
,,,,,,,,,,,,,,,,,,,,,,,,,,
,,,,,,,,,,,,,,,,,,,,,,,,,,
,,,,,,,,,,,,,,,,,,,,,,,,,,
,,,,,,,,,,,,,,,,,,,,,,,,,,
,,,,,,,,,,,,,,,,,,,,,,,,,,
,,,,,,,,,,,,,,,,,,,,,,,,,,
,,,,,,,,,,,,,,,,,,,,,,,,,,
,,,,,,,,,,,,,,,,,,,,,,,,,,
,,,,,,,,,,,,,,,,,,,,,,,,,,
,,,,,,,,,,,,,,,,,,,,,,,,,,
,,,,,,,,,,,,,,,,,,,,,,,,,,
,,,,,,,,,,,,,,,,,,,,,,,,,,
,,,,,,,,,,,,,,,,,,,,,,,,,,
,,,,,,,,,,,,,,,,,,,,,,,,,,
,,,,,,,,,,,,,,,,,,,,,,,,,,
,,,,,,,,,,,,,,,,,,,,,,,,,,
,,,,,,,,,,,,,,,,,,,,,,,,,,
,,,,,,,,,,,,,,,,,,,,,,,,,,
,,,,,,,,,,,,,,,,,,,,,,,,,,
,,,,,,,,,,,,,,,,,,,,,,,,,,
,,,,,,,,,,,,,,,,,,,,,,,,,,
,,,,,,,,,,,,,,,,,,,,,,,,,,
,,,,,,,,,,,,,,,,,,,,,,,,,,
,,,,,,,,,,,,,,,,,,,,,,,,,,
,,,,,,,,,,,,,,,,,,,,,,,,,,
,,,,,,,,,,,,,,,,,,,,,,,,,,
,,,,,,,,,,,,,,,,,,,,,,,,,,
,,,,,,,,,,,,,,,,,,,,,,,,,,
,,,,,,,,,,,,,,,,,,,,,,,,,,
,,,,,,,,,,,,,,,,,,,,,,,,,,
,,,,,,,,,,,,,,,,,,,,,,,,,,
,,,,,,,,,,,,,,,,,,,,,,,,,,
,,,,,,,,,,,,,,,,,,,,,,,,,,
,,,,,,,,,,,,,,,,,,,,,,,,,,
,,,,,,,,,,,,,,,,,,,,,,,,,,
,,,,,,,,,,,,,,,,,,,,,,,,,,
,,,,,,,,,,,,,,,,,,,,,,,,,,
,,,,,,,,,,,,,,,,,,,,,,,,,,
,,,,,,,,,,,,,,,,,,,,,,,,,,
,,,,,,,,,,,,,,,,,,,,,,,,,,
,,,,,,,,,,,,,,,,,,,,,,,,,,
,,,,,,,,,,,,,,,,,,,,,,,,,,
,,,,,,,,,,,,,,,,,,,,,,,,,,
,,,,,,,,,,,,,,,,,,,,,,,,,,
,,,,,,,,,,,,,,,,,,,,,,,,,,
,,,,,,,,,,,,,,,,,,,,,,,,,,
,,,,,,,,,,,,,,,,,,,,,,,,,,
,,,,,,,,,,,,,,,,,,,,,,,,,,
,,,,,,,,,,,,,,,,,,,,,,,,,,
,,,,,,,,,,,,,,,,,,,,,,,,,,
,,,,,,,,,,,,,,,,,,,,,,,,,,
,,,,,,,,,,,,,,,,,,,,,,,,,,
,,,,,,,,,,,,,,,,,,,,,,,,,,
,,,,,,,,,,,,,,,,,,,,,,,,,,
,,,,,,,,,,,,,,,,,,,,,,,,,,
,,,,,,,,,,,,,,,,,,,,,,,,,,
,,,,,,,,,,,,,,,,,,,,,,,,,,
,,,,,,,,,,,,,,,,,,,,,,,,,,
,,,,,,,,,,,,,,,,,,,,,,,,,,
,,,,,,,,,,,,,,,,,,,,,,,,,,
,,,,,,,,,,,,,,,,,,,,,,,,,,
,,,,,,,,,,,,,,,,,,,,,,,,,,
,,,,,,,,,,,,,,,,,,,,,,,,,,
,,,,,,,,,,,,,,,,,,,,,,,,,,
,,,,,,,,,,,,,,,,,,,,,,,,,,
,,,,,,,,,,,,,,,,,,,,,,,,,,
,,,,,,,,,,,,,,,,,,,,,,,,,,
,,,,,,,,,,,,,,,,,,,,,,,,,,
,,,,,,,,,,,,,,,,,,,,,,,,,,
,,,,,,,,,,,,,,,,,,,,,,,,,,
,,,,,,,,,,,,,,,,,,,,,,,,,,
,,,,,,,,,,,,,,,,,,,,,,,,,,
,,,,,,,,,,,,,,,,,,,,,,,,,,
,,,,,,,,,,,,,,,,,,,,,,,,,,
,,,,,,,,,,,,,,,,,,,,,,,,,,
,,,,,,,,,,,,,,,,,,,,,,,,,,
,,,,,,,,,,,,,,,,,,,,,,,,,,
,,,,,,,,,,,,,,,,,,,,,,,,,,
,,,,,,,,,,,,,,,,,,,,,,,,,,
,,,,,,,,,,,,,,,,,,,,,,,,,,
,,,,,,,,,,,,,,,,,,,,,,,,,,
,,,,,,,,,,,,,,,,,,,,,,,,,,
,,,,,,,,,,,,,,,,,,,,,,,,,,
,,,,,,,,,,,,,,,,,,,,,,,,,,
,,,,,,,,,,,,,,,,,,,,,,,,,,
,,,,,,,,,,,,,,,,,,,,,,,,,,
,,,,,,,,,,,,,,,,,,,,,,,,,,
,,,,,,,,,,,,,,,,,,,,,,,,,,
,,,,,,,,,,,,,,,,,,,,,,,,,,
,,,,,,,,,,,,,,,,,,,,,,,,,,
,,,,,,,,,,,,,,,,,,,,,,,,,,
,,,,,,,,,,,,,,,,,,,,,,,,,,
,,,,,,,,,,,,,,,,,,,,,,,,,,
,,,,,,,,,,,,,,,,,,,,,,,,,,
,,,,,,,,,,,,,,,,,,,,,,,,,,
,,,,,,,,,,,,,,,,,,,,,,,,,,
,,,,,,,,,,,,,,,,,,,,,,,,,,
,,,,,,,,,,,,,,,,,,,,,,,,,,
,,,,,,,,,,,,,,,,,,,,,,,,,,
,,,,,,,,,,,,,,,,,,,,,,,,,,
,,,,,,,,,,,,,,,,,,,,,,,,,,
,,,,,,,,,,,,,,,,,,,,,,,,,,
,,,,,,,,,,,,,,,,,,,,,,,,,,
,,,,,,,,,,,,,,,,,,,,,,,,,,
,,,,,,,,,,,,,,,,,,,,,,,,,,
,,,,,,,,,,,,,,,,,,,,,,,,,,
,,,,,,,,,,,,,,,,,,,,,,,,,,
,,,,,,,,,,,,,,,,,,,,,,,,,,
,,,,,,,,,,,,,,,,,,,,,,,,,,
,,,,,,,,,,,,,,,,,,,,,,,,,,
,,,,,,,,,,,,,,,,,,,,,,,,,,
,,,,,,,,,,,,,,,,,,,,,,,,,,
,,,,,,,,,,,,,,,,,,,,,,,,,,
,,,,,,,,,,,,,,,,,,,,,,,,,,
,,,,,,,,,,,,,,,,,,,,,,,,,,
,,,,,,,,,,,,,,,,,,,,,,,,,,
,,,,,,,,,,,,,,,,,,,,,,,,,,
,,,,,,,,,,,,,,,,,,,,,,,,,,
,,,,,,,,,,,,,,,,,,,,,,,,,,
,,,,,,,,,,,,,,,,,,,,,,,,,,
,,,,,,,,,,,,,,,,,,,,,,,,,,
,,,,,,,,,,,,,,,,,,,,,,,,,,
,,,,,,,,,,,,,,,,,,,,,,,,,,
,,,,,,,,,,,,,,,,,,,,,,,,,,
,,,,,,,,,,,,,,,,,,,,,,,,,,
,,,,,,,,,,,,,,,,,,,,,,,,,,
,,,,,,,,,,,,,,,,,,,,,,,,,,
,,,,,,,,,,,,,,,,,,,,,,,,,,
,,,,,,,,,,,,,,,,,,,,,,,,,,
,,,,,,,,,,,,,,,,,,,,,,,,,,
,,,,,,,,,,,,,,,,,,,,,,,,,,
,,,,,,,,,,,,,,,,,,,,,,,,,,
,,,,,,,,,,,,,,,,,,,,,,,,,,
,,,,,,,,,,,,,,,,,,,,,,,,,,
,,,,,,,,,,,,,,,,,,,,,,,,,,
,,,,,,,,,,,,,,,,,,,,,,,,,,
,,,,,,,,,,,,,,,,,,,,,,,,,,
,,,,,,,,,,,,,,,,,,,,,,,,,,
,,,,,,,,,,,,,,,,,,,,,,,,,,
,,,,,,,,,,,,,,,,,,,,,,,,,,
,,,,,,,,,,,,,,,,,,,,,,,,,,
,,,,,,,,,,,,,,,,,,,,,,,,,,
,,,,,,,,,,,,,,,,,,,,,,,,,,
,,,,,,,,,,,,,,,,,,,,,,,,,,
,,,,,,,,,,,,,,,,,,,,,,,,,,
,,,,,,,,,,,,,,,,,,,,,,,,,,
,,,,,,,,,,,,,,,,,,,,,,,,,,
,,,,,,,,,,,,,,,,,,,,,,,,,,
,,,,,,,,,,,,,,,,,,,,,,,,,,
,,,,,,,,,,,,,,,,,,,,,,,,,,
,,,,,,,,,,,,,,,,,,,,,,,,,,
,,,,,,,,,,,,,,,,,,,,,,,,,,
,,,,,,,,,,,,,,,,,,,,,,,,,,
,,,,,,,,,,,,,,,,,,,,,,,,,,
,,,,,,,,,,,,,,,,,,,,,,,,,,
,,,,,,,,,,,,,,,,,,,,,,,,,,
,,,,,,,,,,,,,,,,,,,,,,,,,,
,,,,,,,,,,,,,,,,,,,,,,,,,,
,,,,,,,,,,,,,,,,,,,,,,,,,,
,,,,,,,,,,,,,,,,,,,,,,,,,,
,,,,,,,,,,,,,,,,,,,,,,,,,,
,,,,,,,,,,,,,,,,,,,,,,,,,,
,,,,,,,,,,,,,,,,,,,,,,,,,,
,,,,,,,,,,,,,,,,,,,,,,,,,,
,,,,,,,,,,,,,,,,,,,,,,,,,,
,,,,,,,,,,,,,,,,,,,,,,,,,,
,,,,,,,,,,,,,,,,,,,,,,,,,,
,,,,,,,,,,,,,,,,,,,,,,,,,,
,,,,,,,,,,,,,,,,,,,,,,,,,,
,,,,,,,,,,,,,,,,,,,,,,,,,,
,,,,,,,,,,,,,,,,,,,,,,,,,,
,,,,,,,,,,,,,,,,,,,,,,,,,,
,,,,,,,,,,,,,,,,,,,,,,,,,,
,,,,,,,,,,,,,,,,,,,,,,,,,,
,,,,,,,,,,,,,,,,,,,,,,,,,,
,,,,,,,,,,,,,,,,,,,,,,,,,,
,,,,,,,,,,,,,,,,,,,,,,,,,,
,,,,,,,,,,,,,,,,,,,,,,,,,,
,,,,,,,,,,,,,,,,,,,,,,,,,,
,,,,,,,,,,,,,,,,,,,,,,,,,,
,,,,,,,,,,,,,,,,,,,,,,,,,,
,,,,,,,,,,,,,,,,,,,,,,,,,,
,,,,,,,,,,,,,,,,,,,,,,,,,,
,,,,,,,,,,,,,,,,,,,,,,,,,,
,,,,,,,,,,,,,,,,,,,,,,,,,,
,,,,,,,,,,,,,,,,,,,,,,,,,,
,,,,,,,,,,,,,,,,,,,,,,,,,,
,,,,,,,,,,,,,,,,,,,,,,,,,,
,,,,,,,,,,,,,,,,,,,,,,,,,,
,,,,,,,,,,,,,,,,,,,,,,,,,,
,,,,,,,,,,,,,,,,,,,,,,,,,,
,,,,,,,,,,,,,,,,,,,,,,,,,,
,,,,,,,,,,,,,,,,,,,,,,,,,,
,,,,,,,,,,,,,,,,,,,,,,,,,,
,,,,,,,,,,,,,,,,,,,,,,,,,,
,,,,,,,,,,,,,,,,,,,,,,,,,,
,,,,,,,,,,,,,,,,,,,,,,,,,,
,,,,,,,,,,,,,,,,,,,,,,,,,,
,,,,,,,,,,,,,,,,,,,,,,,,,,
,,,,,,,,,,,,,,,,,,,,,,,,,,
,,,,,,,,,,,,,,,,,,,,,,,,,,
,,,,,,,,,,,,,,,,,,,,,,,,,,
,,,,,,,,,,,,,,,,,,,,,,,,,,
